"","Package","LibPath","Version","Priority","Depends","Imports","LinkingTo","Suggests","Enhances","License","License_is_FOSS","License_restricts_use","OS_type","MD5sum","NeedsCompilation","Built"
"abind","abind","/home/schmis12/R/x86_64-redhat-linux-gnu-library/4.0","1.4-5",NA,"R (>= 1.5.0)","methods, utils",NA,NA,NA,"LGPL (>= 2)",NA,NA,NA,NA,"no","4.0.5"
"arsenal","arsenal","/home/schmis12/R/x86_64-redhat-linux-gnu-library/4.0","3.6.3",NA,"R (>= 3.4.0), stats (>= 3.4.0)","knitr (>= 1.29), utils (>= 3.4.0)",NA,"broom (>= 0.7.1), magrittr, rmarkdown, testthat, xtable,
pander, survival (>= 2.43-1), coin, pROC, MASS, splines, rpart,
yaml, geepack",NA,"GPL (>= 2)",NA,NA,NA,NA,"no","4.0.5"
"askpass","askpass","/home/schmis12/R/x86_64-redhat-linux-gnu-library/4.0","1.1",NA,NA,"sys (>= 2.1)",NA,"testthat",NA,"MIT + file LICENSE",NA,NA,NA,NA,"yes","4.0.5"
"assertthat","assertthat","/home/schmis12/R/x86_64-redhat-linux-gnu-library/4.0","0.2.1",NA,NA,"tools",NA,"testthat, covr",NA,"GPL-3",NA,NA,NA,NA,"no","4.0.5"
"backports","backports","/home/schmis12/R/x86_64-redhat-linux-gnu-library/4.0","1.2.1",NA,"R (>= 3.0.0)",NA,NA,NA,NA,"GPL-2 | GPL-3",NA,NA,NA,NA,"yes","4.0.5"
"base64enc","base64enc","/home/schmis12/R/x86_64-redhat-linux-gnu-library/4.0","0.1-3",NA,"R (>= 2.9.0)",NA,NA,NA,"png","GPL-2 | GPL-3",NA,NA,NA,NA,"yes","4.0.5"
"base64url","base64url","/home/schmis12/R/x86_64-redhat-linux-gnu-library/4.0","1.4",NA,NA,"backports (>= 1.1.0)",NA,"base64enc, checkmate, knitr, microbenchmark, openssl,
rmarkdown, testthat",NA,"GPL-3",NA,NA,NA,NA,"yes","4.0.5"
"batchtools","batchtools","/home/schmis12/R/x86_64-redhat-linux-gnu-library/4.0","0.9.15",NA,"R (>= 3.0.0)","backports (>= 1.1.2), base64url (>= 1.1), brew, checkmate (>=
1.8.5), data.table (>= 1.11.2), digest (>= 0.6.9), fs (>=
1.2.0), parallel, progress (>= 1.1.1), R6, rappdirs, stats,
stringi, utils, withr (>= 2.0.0)",NA,"debugme, doParallel, doMPI, e1071, foreach, future,
future.batchtools, knitr, parallelMap, ranger, rmarkdown,
rpart, snow, testthat, tibble",NA,"LGPL-3",NA,NA,NA,NA,"yes","4.0.5"
"bayesplot","bayesplot","/home/schmis12/R/x86_64-redhat-linux-gnu-library/4.0","1.8.1",NA,"R (>= 3.1.0)","dplyr (>= 0.8.0), ggplot2 (>= 3.0.0), ggridges, glue,
reshape2, rlang (>= 0.3.0), stats, tibble, tidyselect, utils",NA,"ggfortify, gridExtra (>= 2.2.1), hexbin, knitr (>= 1.16), loo
(>= 2.0.0), RColorBrewer, rmarkdown (>= 1.0.0), rstan (>=
2.17.1), rstanarm (>= 2.17.4), rstantools (>= 1.5.0), scales,
shinystan (>= 2.3.0), survival, testthat (>= 2.0.0), vdiffr",NA,"GPL (>= 3)",NA,NA,NA,NA,"no","4.0.5"
"BB","BB","/home/schmis12/R/x86_64-redhat-linux-gnu-library/4.0","2019.10-1",NA,"R (>= 2.6.1)","stats, quadprog",NA,"setRNG, survival, Hmisc, numDeriv",NA,"GPL-3",NA,NA,NA,NA,"no","4.0.5"
"BH","BH","/home/schmis12/R/x86_64-redhat-linux-gnu-library/4.0","1.75.0-0",NA,NA,NA,NA,NA,NA,"BSL-1.0",NA,NA,NA,NA,"no","4.0.5"
"binom","binom","/home/schmis12/R/x86_64-redhat-linux-gnu-library/4.0","1.1-1",NA,NA,NA,NA,"lattice, polynom, tcltk, ggplot2",NA,"GPL",NA,NA,NA,NA,"yes","4.0.5"
"bitops","bitops","/home/schmis12/R/x86_64-redhat-linux-gnu-library/4.0","1.0-7",NA,NA,NA,NA,NA,NA,"GPL (>= 2)",NA,NA,NA,NA,"yes","4.0.5"
"blob","blob","/home/schmis12/R/x86_64-redhat-linux-gnu-library/4.0","1.2.1",NA,NA,"methods, rlang, vctrs (>= 0.2.1)",NA,"covr, crayon, pillar (>= 1.2.1), testthat",NA,"GPL-3",NA,NA,NA,NA,"no","4.0.5"
"brew","brew","/home/schmis12/R/x86_64-redhat-linux-gnu-library/4.0","1.0-6",NA,NA,NA,NA,NA,NA,"GPL-2",NA,NA,NA,NA,NA,"4.0.5"
"broom","broom","/home/schmis12/R/x86_64-redhat-linux-gnu-library/4.0","0.7.7",NA,"R (>= 3.1)","backports, dplyr (>= 1.0.0), ellipsis, generics (>= 0.0.2),
glue, methods, purrr, rlang, stringr, tibble (>= 3.0.0), tidyr
(>= 1.0.0)",NA,"AER, akima, AUC, bbmle, betareg, biglm, binGroup, boot,
btergm, car, caret, cluster, cmprsk, coda, covr, drc, e1071,
emmeans, epiR, ergm (>= 3.10.4), fixest (>= 0.8.1), gam (>=
1.15), gee, geepack, ggplot2, glmnet, glmnetUtils, gmm, Hmisc,
irlba, joineRML, Kendall, knitr, ks, Lahman, lavaan, leaps,
lfe, lm.beta, lme4, lmodel2, lmtest (>= 0.9.38), lsmeans, maps,
maptools, margins, MASS, Matrix, mclust, mediation, metafor,
mfx, mgcv, mlogit, modeldata, modeltests, muhaz, multcomp,
network, nnet, orcutt (>= 2.2), ordinal, plm, poLCA, psych,
quantreg, Rchoice, rgeos, rmarkdown, robust, robustbase,
rsample, sandwich, sp, spdep (>= 1.1), spatialreg, speedglm,
spelling, survey, survival, systemfit, testthat (>= 2.1.0),
tseries, vars, zoo",NA,"MIT + file LICENSE",NA,NA,NA,NA,"no","4.0.5"
"bslib","bslib","/home/schmis12/R/x86_64-redhat-linux-gnu-library/4.0","0.2.5.1",NA,"R (>= 2.10)","grDevices, htmltools (>= 0.5.1), jsonlite, sass (>= 0.4.0),
jquerylib (>= 0.1.3), rlang, magrittr",NA,"shiny (>= 1.6.0), rmarkdown (>= 2.7), thematic, knitr,
testthat, withr, rappdirs, curl",NA,"MIT + file LICENSE",NA,NA,NA,NA,"no","4.0.5"
"bvls","bvls","/home/schmis12/R/x86_64-redhat-linux-gnu-library/4.0","1.4",NA,NA,NA,NA,NA,NA,"GPL (>= 2)",NA,NA,NA,NA,"yes","4.0.5"
"c060","c060","/home/schmis12/R/x86_64-redhat-linux-gnu-library/4.0","0.2-7",NA,"","glmnet, survival, parallel, mlegp, tgp, peperr, penalizedSVM,
lattice",NA,"",NA,"GPL-2",NA,NA,NA,NA,"no","4.0.5"
"cachem","cachem","/home/schmis12/R/x86_64-redhat-linux-gnu-library/4.0","1.0.5",NA,NA,"rlang, fastmap",NA,"testthat",NA,"MIT + file LICENSE",NA,NA,NA,NA,"yes","4.0.5"
"callr","callr","/home/schmis12/R/x86_64-redhat-linux-gnu-library/4.0","3.7.0",NA,NA,"processx (>= 3.5.0), R6, utils",NA,"cli, covr, ps, rprojroot, spelling, testthat, withr (>=
2.3.0)",NA,"MIT + file LICENSE",NA,NA,NA,NA,"no","4.0.5"
"car","car","/home/schmis12/R/x86_64-redhat-linux-gnu-library/4.0","3.0-10",NA,"R (>= 3.5.0), carData (>= 3.0-0)","abind, MASS, mgcv, nnet, pbkrtest (>= 0.4-4), quantreg,
grDevices, utils, stats, graphics, maptools, rio, lme4, nlme",NA,"alr4, boot, coxme, knitr, leaps, lmtest, Matrix,
MatrixModels, rgl (>= 0.93.960), sandwich, SparseM, survival,
survey",NA,"GPL (>= 2)",NA,NA,NA,NA,"no","4.0.5"
"carData","carData","/home/schmis12/R/x86_64-redhat-linux-gnu-library/4.0","3.0-4",NA,"R (>= 3.5.0)",NA,NA,NA,NA,"GPL (>= 2)",NA,NA,NA,NA,"no","4.0.5"
"caret","caret","/home/schmis12/R/x86_64-redhat-linux-gnu-library/4.0","6.0-88",NA,"R (>= 3.2.0), lattice (>= 0.20), ggplot2","foreach, methods, plyr, ModelMetrics (>= 1.2.2.2), nlme,
reshape2, stats, stats4, utils, grDevices, recipes (>= 0.1.10),
withr (>= 2.0.0), pROC,",NA,"BradleyTerry2, e1071, earth (>= 2.2-3), fastICA, gam (>=
1.15), ipred, kernlab, knitr, klaR, MASS, ellipse, Matrix, mda,
mgcv, mlbench, MLmetrics, nnet, party (>= 0.9-99992), pls,
proxy, randomForest, RANN, rmarkdown, spls, subselect, pamr,
superpc, Cubist, testthat (>= 0.9.1), rpart, dplyr, covr",NA,"GPL (>= 2)",NA,NA,NA,NA,"yes","4.0.5"
"cellranger","cellranger","/home/schmis12/R/x86_64-redhat-linux-gnu-library/4.0","1.1.0",NA,"R (>= 3.0.0)","rematch, tibble",NA,"covr, testthat (>= 1.0.0), knitr, rmarkdown",NA,"MIT + file LICENSE",NA,NA,NA,NA,"no","4.0.5"
"checkmate","checkmate","/home/schmis12/R/x86_64-redhat-linux-gnu-library/4.0","2.0.0",NA,"R (>= 3.0.0)","backports (>= 1.1.0), utils",NA,"R6, fastmatch, data.table (>= 1.9.8), devtools, ggplot2,
knitr, magrittr, microbenchmark, rmarkdown, testthat (>=
0.11.0), tinytest (>= 1.1.0), tibble",NA,"BSD_3_clause + file LICENSE",NA,NA,NA,NA,"yes","4.0.5"
"classInt","classInt","/home/schmis12/R/x86_64-redhat-linux-gnu-library/4.0","0.4-3",NA,"R (>= 2.2)","grDevices, stats, graphics, e1071, class, KernSmooth",NA,"spData (>= 0.2.6.2), units, knitr, rmarkdown",NA,"GPL (>= 2)",NA,NA,NA,NA,"yes","4.0.5"
"cli","cli","/home/schmis12/R/x86_64-redhat-linux-gnu-library/4.0","2.5.0",NA,"R (>= 2.10)","glue, utils",NA,"callr, covr, grDevices, htmlwidgets, knitr, methods, mockery,
ps (>= 1.3.4.9000), rmarkdown, rstudioapi, prettycode (>=
1.1.0), testthat, tibble, withr",NA,"MIT + file LICENSE",NA,NA,NA,NA,"no","4.0.5"
"clipr","clipr","/home/schmis12/R/x86_64-redhat-linux-gnu-library/4.0","0.7.1",NA,NA,"utils",NA,"covr, knitr, rmarkdown, rstudioapi (>= 0.5), testthat (>=
2.0.0)",NA,"GPL-3",NA,NA,NA,NA,"no","4.0.5"
"clustermq","clustermq","/home/schmis12/R/x86_64-redhat-linux-gnu-library/4.0","0.8.95.1",NA,"R (>= 3.5.0)","methods, narray, progress, purrr, R6, Rcpp, utils","Rcpp","callr, devtools, dplyr, foreach, iterators, knitr, parallel,
rmarkdown, roxygen2 (>= 5.0.0), testthat, tools",NA,"Apache License (== 2.0) | file LICENSE",NA,NA,NA,NA,"yes","4.0.5"
"colorspace","colorspace","/home/schmis12/R/x86_64-redhat-linux-gnu-library/4.0","2.0-2",NA,"R (>= 3.0.0), methods","graphics, grDevices, stats",NA,"datasets, utils, KernSmooth, MASS, kernlab, mvtnorm, vcd,
tcltk, shiny, shinyjs, ggplot2, dplyr, scales, grid, png, jpeg,
knitr, rmarkdown, RColorBrewer, rcartocolor, scico, viridis,
wesanderson",NA,"BSD_3_clause + file LICENSE",NA,NA,NA,NA,"yes","4.0.5"
"commonmark","commonmark","/home/schmis12/R/x86_64-redhat-linux-gnu-library/4.0","1.7",NA,NA,NA,NA,"curl, testthat, xml2",NA,"BSD_2_clause + file LICENSE",NA,NA,NA,NA,"yes","4.0.5"
"conquer","conquer","/home/schmis12/R/x86_64-redhat-linux-gnu-library/4.0","1.0.2",NA,"R (>= 3.5.0)","Rcpp (>= 1.0.3), Matrix, matrixStats, stats","Rcpp, RcppArmadillo (>= 0.9.850.1.0)",NA,NA,"GPL-3",NA,NA,NA,NA,"yes","4.0.5"
"corpcor","corpcor","/home/schmis12/R/x86_64-redhat-linux-gnu-library/4.0","1.6.9",NA,"R (>= 3.0.2)","stats",NA,"",NA,"GPL (>= 3)",NA,NA,NA,NA,"no","4.0.5"
"corrplot","corrplot","/home/schmis12/R/x86_64-redhat-linux-gnu-library/4.0","0.89",NA,NA,NA,NA,"knitr, RColorBrewer, rmarkdown, prettydoc, testthat",NA,"MIT + file LICENSE",NA,NA,NA,NA,"no","4.0.5"
"cowplot","cowplot","/home/schmis12/R/x86_64-redhat-linux-gnu-library/4.0","1.1.1",NA,"R (>= 3.5.0)","ggplot2 (> 2.2.1), grid, gtable, grDevices, methods, rlang,
scales",NA,"Cairo, covr, dplyr, forcats, gridGraphics (>= 0.4-0), knitr,
lattice, magick, maps, PASWR, patchwork, rmarkdown, ragg,
testthat (>= 1.0.0), tidyr, vdiffr (>= 0.3.0), VennDiagram",NA,"GPL-2",NA,NA,NA,NA,"no","4.0.5"
"cpp11","cpp11","/home/schmis12/R/x86_64-redhat-linux-gnu-library/4.0","0.2.7",NA,NA,NA,NA,"bench, brio, callr, cli, covr, decor, desc, ggplot2, glue,
knitr, lobstr, mockery, progress, rmarkdown, scales, testthat,
tibble, utils, vctrs, withr",NA,"MIT + file LICENSE",NA,NA,NA,NA,"no","4.0.5"
"crayon","crayon","/home/schmis12/R/x86_64-redhat-linux-gnu-library/4.0","1.4.1",NA,NA,"grDevices, methods, utils",NA,"mockery, rstudioapi, testthat, withr",NA,"MIT + file LICENSE",NA,NA,NA,NA,"no","4.0.5"
"crosstalk","crosstalk","/home/schmis12/R/x86_64-redhat-linux-gnu-library/4.0","1.1.1",NA,NA,"htmltools (>= 0.3.6), jsonlite, lazyeval, R6",NA,"shiny, ggplot2, testthat (>= 2.1.0)",NA,"MIT + file LICENSE",NA,NA,NA,NA,"no","4.0.5"
"curl","curl","/home/schmis12/R/x86_64-redhat-linux-gnu-library/4.0","4.3.2",NA,"R (>= 3.0.0)",NA,NA,"spelling, testthat (>= 1.0.0), knitr, jsonlite, rmarkdown,
magrittr, httpuv (>= 1.4.4), webutils",NA,"MIT + file LICENSE",NA,NA,NA,NA,"yes","4.0.5"
"data.table","data.table","/home/schmis12/R/x86_64-redhat-linux-gnu-library/4.0","1.14.0",NA,"R (>= 3.1.0)","methods",NA,"bit64 (>= 4.0.0), bit (>= 4.0.4), curl, R.utils, xts,
nanotime, zoo (>= 1.8-1), yaml, knitr, rmarkdown",NA,"MPL-2.0 | file LICENSE",NA,NA,NA,NA,"yes","4.0.5"
"DBI","DBI","/home/schmis12/R/x86_64-redhat-linux-gnu-library/4.0","1.1.1",NA,"methods, R (>= 3.0.0)",NA,NA,"blob, covr, dbplyr, dplyr, glue, hms, knitr, magrittr,
rmarkdown, rprojroot, RMariaDB, RSQLite (>= 1.1-2), testthat,
xml2",NA,"LGPL (>= 2.1)",NA,NA,NA,NA,"no","4.0.5"
"dbplyr","dbplyr","/home/schmis12/R/x86_64-redhat-linux-gnu-library/4.0","2.1.1",NA,"R (>= 3.1)","assertthat (>= 0.2.0), blob (>= 1.2.0), DBI (>= 1.0.0), dplyr
(>= 1.0.4), ellipsis, glue (>= 1.2.0), lifecycle (>= 1.0.0),
magrittr, methods, purrr (>= 0.2.5), R6 (>= 2.2.2), rlang (>=
0.2.0), tibble (>= 1.4.2), tidyselect (>= 0.2.4), utils, vctrs,
withr",NA,"bit64, covr, knitr, Lahman, nycflights13, odbc, RMariaDB (>=
1.0.2), rmarkdown, RPostgres (>= 1.1.3), RPostgreSQL, RSQLite
(>= 2.1.0), testthat (>= 3.0.2), tidyr",NA,"MIT + file LICENSE",NA,NA,NA,NA,"no","4.0.5"
"Deriv","Deriv","/home/schmis12/R/x86_64-redhat-linux-gnu-library/4.0","4.1.3",NA,NA,"methods",NA,"testthat",NA,"GPL (>= 3)",NA,NA,NA,NA,"no","4.0.5"
"desc","desc","/home/schmis12/R/x86_64-redhat-linux-gnu-library/4.0","1.3.0",NA,"R (>= 3.1.0)","utils, R6, crayon, rprojroot",NA,"covr, testthat, whoami, withr, spelling, gh",NA,"MIT + file LICENSE",NA,NA,NA,NA,"no","4.0.5"
"DescTools","DescTools","/home/schmis12/R/x86_64-redhat-linux-gnu-library/4.0","0.99.42",NA,"base, stats, R (>= 3.6.0)","graphics, grDevices, methods, MASS, utils, boot, mvtnorm,
expm, Rcpp (>= 0.12.10), rstudioapi, Exact, gld, data.table","Rcpp, BH","RDCOMClient, tcltk, VGAM, R.rsp",NA,"GPL (>= 2)",NA,NA,NA,NA,"yes","4.0.5"
"digest","digest","/home/schmis12/R/x86_64-redhat-linux-gnu-library/4.0","0.6.27",NA,"R (>= 3.3.0)","utils",NA,"tinytest, knitr, rmarkdown, minidown",NA,"GPL (>= 2)",NA,NA,NA,NA,"yes","4.0.5"
"directlabels","directlabels","/home/schmis12/R/x86_64-redhat-linux-gnu-library/4.0","2021.1.13",NA,NA,"grid, quadprog",NA,"MASS, knitr, markdown, inlinedocs, RColorBrewer, ggplot2 (>=
2.0), rlang, lattice, alphahull, nlme, lars, latticeExtra,
dplyr, ggthemes, testthat",NA,"GPL-3",NA,NA,NA,NA,"no","4.0.5"
"doParallel","doParallel","/home/schmis12/R/x86_64-redhat-linux-gnu-library/4.0","1.0.16",NA,"R (>= 2.14.0), foreach(>= 1.2.0), iterators(>= 1.0.0),
parallel, utils",NA,NA,"caret, mlbench, rpart, RUnit","compiler","GPL-2",NA,NA,NA,NA,"no","4.0.5"
"DoseFinding","DoseFinding","/home/schmis12/R/x86_64-redhat-linux-gnu-library/4.0","0.9-17",NA,"lattice, mvtnorm, R (>= 2.15.0)",NA,NA,"numDeriv, Rsolnp, quadprog, parallel, multcomp",NA,"GPL-3",NA,NA,NA,NA,"yes","4.0.5"
"dotCall64","dotCall64","/home/schmis12/R/x86_64-redhat-linux-gnu-library/4.0","1.0-1",NA,"R (>= 3.1)",NA,NA,"microbenchmark, OpenMPController, RColorBrewer, roxygen2,
spam, testthat,",NA,"GPL (>= 2)",NA,NA,NA,NA,"yes","4.0.5"
"dparser","dparser","/home/schmis12/R/x86_64-redhat-linux-gnu-library/4.0","1.3.1-4",NA,"R (>= 3.3)","digest, methods",NA,"rex, covr, testthat, knitr, devtools,",NA,"BSD_3_clause + file LICENSE",NA,NA,NA,NA,"yes","4.0.5"
"dplyr","dplyr","/home/schmis12/R/x86_64-redhat-linux-gnu-library/4.0","1.0.7",NA,"R (>= 3.3.0)","ellipsis, generics, glue (>= 1.3.2), lifecycle (>= 1.0.0),
magrittr (>= 1.5), methods, R6, rlang (>= 0.4.10), tibble (>=
2.1.3), tidyselect (>= 1.1.0), utils, vctrs (>= 0.3.5), pillar
(>= 1.5.1)",NA,"bench, broom, callr, covr, DBI, dbplyr (>= 1.4.3), knitr,
Lahman, lobstr, microbenchmark, nycflights13, purrr, rmarkdown,
RMySQL, RPostgreSQL, RSQLite, testthat (>= 3.0.2), tidyr, withr",NA,"MIT + file LICENSE",NA,NA,NA,NA,"yes","4.0.5"
"dtplyr","dtplyr","/home/schmis12/R/x86_64-redhat-linux-gnu-library/4.0","1.1.0",NA,"R (>= 3.3)","crayon, data.table (>= 1.12.4), dplyr (>= 1.0.3), ellipsis,
glue, lifecycle, rlang, tibble, tidyselect, vctrs",NA,"bench, covr, knitr, rmarkdown, testthat (>= 3.0.0), tidyr (>=
1.1.0)",NA,"MIT + file LICENSE",NA,NA,NA,NA,"no","4.0.5"
"e1071","e1071","/home/schmis12/R/x86_64-redhat-linux-gnu-library/4.0","1.7-7",NA,NA,"graphics, grDevices, class, stats, methods, utils, proxy",NA,"cluster, mlbench, nnet, randomForest, rpart, SparseM, xtable,
Matrix, MASS, slam",NA,"GPL-2 | GPL-3",NA,NA,NA,NA,"yes","4.0.5"
"ellipsis","ellipsis","/home/schmis12/R/x86_64-redhat-linux-gnu-library/4.0","0.3.2",NA,"R (>= 3.2)","rlang (>= 0.3.0)",NA,"covr, testthat",NA,"MIT + file LICENSE",NA,NA,NA,NA,"yes","4.0.5"
"emmeans","emmeans","/home/schmis12/R/x86_64-redhat-linux-gnu-library/4.0","1.6.1",NA,"R (>= 3.5.0)","estimability (>= 1.3), graphics, methods, numDeriv, stats,
utils, plyr, mvtnorm, xtable (>= 1.8-2)",NA,"bayesplot, bayestestR, biglm, brms, car, coda (>= 0.17),
ggplot2, lattice, logspline, mediation, mgcv, multcomp,
multcompView, nlme, ordinal (>= 2014.11-12), pbkrtest (>=
0.4-1), lme4, lmerTest (>= 2.0.32), MASS, MuMIn, rsm, knitr,
rmarkdown, scales, splines, testthat","CARBayes, coxme, gee, geepack, MCMCglmm, MCMCpack, mice,
nnet, pscl, rstanarm, sommer, survival","GPL-2 | GPL-3",NA,NA,NA,NA,"no","4.0.5"
"estimability","estimability","/home/schmis12/R/x86_64-redhat-linux-gnu-library/4.0","1.3",NA,"stats",NA,NA,NA,NA,"GPL (>= 3)",NA,NA,NA,NA,"no","4.0.5"
"Exact","Exact","/home/schmis12/R/x86_64-redhat-linux-gnu-library/4.0","2.1",NA,"R (>= 3.1.0)","graphics, stats, rootSolve",NA,NA,NA,"GPL-2",NA,NA,NA,NA,"no","4.0.5"
"exactRankTests","exactRankTests","/home/schmis12/R/x86_64-redhat-linux-gnu-library/4.0","0.8-32",NA,"R (>= 2.4.0), stats, utils",NA,NA,"survival",NA,"GPL (>= 2)",NA,NA,NA,NA,"yes","4.0.5"
"expm","expm","/home/schmis12/R/x86_64-redhat-linux-gnu-library/4.0","0.999-6",NA,"Matrix","methods",NA,"RColorBrewer, sfsmisc, Rmpfr",NA,"GPL (>= 2)",NA,NA,NA,NA,"yes","4.0.5"
"fansi","fansi","/home/schmis12/R/x86_64-redhat-linux-gnu-library/4.0","0.5.0",NA,"R (>= 3.1.0)","grDevices, utils",NA,"unitizer, knitr, rmarkdown",NA,"GPL (>= 2)",NA,NA,NA,NA,"yes","4.0.5"
"farver","farver","/home/schmis12/R/x86_64-redhat-linux-gnu-library/4.0","2.1.0",NA,NA,NA,NA,"testthat (>= 2.1.0), covr",NA,"MIT + file LICENSE",NA,NA,NA,NA,"yes","4.0.5"
"fastGHQuad","fastGHQuad","/home/schmis12/R/x86_64-redhat-linux-gnu-library/4.0","1.0",NA,"Rcpp (>= 0.11.0)",NA,"Rcpp",NA,NA,"MIT + file LICENSE",NA,NA,NA,NA,"yes","4.0.5"
"fastmap","fastmap","/home/schmis12/R/x86_64-redhat-linux-gnu-library/4.0","1.1.0",NA,NA,NA,NA,"testthat (>= 2.1.1)",NA,"MIT + file LICENSE",NA,NA,NA,NA,"yes","4.0.5"
"fields","fields","/home/schmis12/R/x86_64-redhat-linux-gnu-library/4.0","12.3",NA,"R (>= 3.0), methods, spam, viridis","maps",NA,NA,NA,"GPL (>= 2)",NA,NA,NA,NA,"yes","4.0.5"
"forcats","forcats","/home/schmis12/R/x86_64-redhat-linux-gnu-library/4.0","0.5.1",NA,"R (>= 3.2)","ellipsis, magrittr, rlang, tibble",NA,"covr, dplyr, ggplot2, knitr, readr, rmarkdown, testthat",NA,"MIT + file LICENSE",NA,NA,NA,NA,"no","4.0.5"
"foreach","foreach","/home/schmis12/R/x86_64-redhat-linux-gnu-library/4.0","1.5.1",NA,"R (>= 2.5.0)","codetools, utils, iterators",NA,"randomForest, doMC, doParallel, testthat, knitr, rmarkdown",NA,"Apache License (== 2.0)",NA,NA,NA,NA,"no","4.0.5"
"forestplot","forestplot","/home/schmis12/R/x86_64-redhat-linux-gnu-library/4.0","1.10.1",NA,"grid, magrittr, checkmate",NA,NA,"testthat, abind, knitr, rmarkdown, rmeta",NA,"GPL-2",NA,NA,NA,NA,"no","4.0.5"
"Formula","Formula","/home/schmis12/R/x86_64-redhat-linux-gnu-library/4.0","1.2-4",NA,"R (>= 2.0.0), stats",NA,NA,NA,NA,"GPL-2 | GPL-3",NA,NA,NA,NA,"no","4.0.5"
"fs","fs","/home/schmis12/R/x86_64-redhat-linux-gnu-library/4.0","1.5.0",NA,"R (>= 3.1)","methods",NA,"testthat, covr, pillar (>= 1.0.0), tibble (>= 1.1.0), crayon,
rmarkdown, knitr, withr, spelling, vctrs (>= 0.3.0)",NA,"GPL-3",NA,NA,NA,NA,"yes","4.0.5"
"gam","gam","/home/schmis12/R/x86_64-redhat-linux-gnu-library/4.0","1.20",NA,"R (>= 3.5.0),stats, splines, foreach",NA,NA,"akima, testthat",NA,"GPL-2",NA,NA,NA,NA,"yes","4.0.5"
"gargle","gargle","/home/schmis12/R/x86_64-redhat-linux-gnu-library/4.0","1.1.0",NA,"R (>= 3.3)","cli (>= 2.3.1), fs (>= 1.3.1), glue (>= 1.3.0), httr (>=
1.4.0), jsonlite, rappdirs, rlang (>= 0.4.9), rstudioapi,
stats, withr",NA,"covr, httpuv, knitr, mockr, rmarkdown, sodium, spelling,
testthat (>= 3.0.0)",NA,"MIT + file LICENSE",NA,NA,NA,NA,"no","4.0.5"
"geigen","geigen","/home/schmis12/R/x86_64-redhat-linux-gnu-library/4.0","2.3",NA,"R (>= 3.5.0)",NA,NA,NA,NA,"GPL (>= 2)",NA,NA,NA,NA,"yes","4.0.5"
"generics","generics","/home/schmis12/R/x86_64-redhat-linux-gnu-library/4.0","0.1.0",NA,"R (>= 3.1)","methods",NA,"covr, pkgload, testthat, tibble",NA,"MIT + file LICENSE",NA,NA,NA,NA,"no","4.0.5"
"GGally","GGally","/home/schmis12/R/x86_64-redhat-linux-gnu-library/4.0","2.1.2",NA,"R (>= 3.1), ggplot2 (>= 3.3.4)","dplyr (>= 1.0.0), forcats, grDevices, grid, gtable (>= 0.2.0),
lifecycle, plyr (>= 1.8.3), progress, RColorBrewer, reshape (>=
0.8.5), rlang, scales (>= 1.1.0), tidyr, utils",NA,"broom (>= 0.7.0), broom.helpers (>= 1.1.0), chemometrics,
geosphere (>= 1.5-1), ggforce, Hmisc, igraph (>= 1.0.1),
intergraph (>= 2.0-2), labelled, maps (>= 3.1.0), mapproj,
nnet, network (>= 1.17.1), scagnostics, sna (>= 2.3-2),
survival, rmarkdown, roxygen2, testthat, crosstalk, knitr,
spelling, emmeans",NA,"GPL (>= 2.0)",NA,NA,NA,NA,"no","4.0.5"
"ggforce","ggforce","/home/schmis12/R/x86_64-redhat-linux-gnu-library/4.0","0.3.3",NA,"ggplot2 (>= 3.0.0), R (>= 3.3.0)","Rcpp (>= 0.12.2), grid, scales, MASS, tweenr (>= 0.1.5),
gtable, rlang, polyclip, stats, grDevices, tidyselect, withr,
utils","Rcpp, RcppEigen","sessioninfo, concaveman, deldir, reshape2, units (>= 0.4-6),
covr",NA,"MIT + file LICENSE",NA,NA,NA,NA,"yes","4.0.5"
"ggplot2","ggplot2","/home/schmis12/R/x86_64-redhat-linux-gnu-library/4.0","3.3.4",NA,"R (>= 3.3)","digest, glue, grDevices, grid, gtable (>= 0.1.1), isoband,
MASS, mgcv, rlang (>= 0.4.10), scales (>= 0.5.0), stats,
tibble, withr (>= 2.0.0)",NA,"covr, ragg, dplyr, ggplot2movies, hexbin, Hmisc, interp,
knitr, lattice, mapproj, maps, maptools, multcomp, munsell,
nlme, profvis, quantreg, RColorBrewer, rgeos, rmarkdown, rpart,
sf (>= 0.7-3), svglite (>= 1.2.0.9001), testthat (>= 2.1.0),
vdiffr (>= 0.3.0), xml2","sp","MIT + file LICENSE",NA,NA,NA,NA,"no","4.0.5"
"ggPMX","ggPMX","/home/schmis12/R/x86_64-redhat-linux-gnu-library/4.0","1.2.3",NA,"R (>= 3.5)","data.table, yaml, R6, gtable, ggplot2 (>= 2.2.0), magrittr,
stringr, assertthat, GGally, zoo, knitr, rmarkdown, tidyr,
dplyr, purrr, readr, rlang, tibble, checkmate",NA,"testthat, xtable, vdiffr, nlmixr",NA,"GPL-2",NA,NA,NA,NA,"no","4.0.5"
"ggpubr","ggpubr","/home/schmis12/R/x86_64-redhat-linux-gnu-library/4.0","0.4.0",NA,"R (>= 3.1.0), ggplot2","ggrepel, grid, ggsci, stats, utils, tidyr, purrr, dplyr (>=
0.7.1), cowplot, ggsignif, scales, gridExtra, glue, polynom,
rlang, rstatix (>= 0.6.0), tibble, magrittr",NA,"grDevices, knitr, RColorBrewer, gtable",NA,"GPL-2",NA,NA,NA,NA,"no","4.0.5"
"ggrepel","ggrepel","/home/schmis12/R/x86_64-redhat-linux-gnu-library/4.0","0.9.1",NA,"R (>= 3.0.0), ggplot2 (>= 2.2.0)","grid, Rcpp, rlang (>= 0.3.0), scales (>= 0.5.0)","Rcpp","knitr, rmarkdown, testthat, gridExtra, devtools, prettydoc,
ggbeeswarm, dplyr, magrittr, readr, stringr",NA,"GPL-3 | file LICENSE",NA,NA,NA,NA,"yes","4.0.5"
"ggridges","ggridges","/home/schmis12/R/x86_64-redhat-linux-gnu-library/4.0","0.5.3",NA,"R (>= 3.2)","ggplot2 (>= 3.0.0), grid (>= 3.0.0), plyr (>= 1.8.0), scales
(>= 0.4.1), withr (>= 2.1.1)",NA,"covr, dplyr, patchwork, ggplot2movies, forcats, knitr,
rmarkdown, testthat, vdiffr",NA,"GPL-2 | file LICENSE",NA,NA,NA,NA,"no","4.0.5"
"ggsci","ggsci","/home/schmis12/R/x86_64-redhat-linux-gnu-library/4.0","2.9",NA,"R (>= 3.0.2)","grDevices, scales, ggplot2 (>= 2.0.0)",NA,"knitr, rmarkdown, gridExtra, reshape2",NA,"GPL-3 | file LICENSE",NA,NA,NA,NA,"no","4.0.5"
"ggsignif","ggsignif","/home/schmis12/R/x86_64-redhat-linux-gnu-library/4.0","0.6.2",NA,NA,"ggplot2 (>= 3.3.3)",NA,"knitr, rmarkdown, spelling, testthat, vdiffr (>= 1.0.0)",NA,"GPL-3 | file LICENSE",NA,NA,NA,NA,"no","4.0.5"
"ggtext","ggtext","/home/schmis12/R/x86_64-redhat-linux-gnu-library/4.0","0.1.1",NA,"R (>= 3.5)","ggplot2 (>= 3.3.0), grid, gridtext, rlang, scales",NA,"cowplot, dplyr, glue, knitr, rmarkdown, testthat, vdiffr",NA,"GPL-2",NA,NA,NA,NA,"no","4.0.5"
"gld","gld","/home/schmis12/R/x86_64-redhat-linux-gnu-library/4.0","2.6.2",NA,NA,"stats, graphics, e1071, lmom",NA,"",NA,"GPL (>= 2)",NA,NA,NA,NA,"yes","4.0.5"
"glmnet","glmnet","/home/schmis12/R/x86_64-redhat-linux-gnu-library/4.0","4.1-2",NA,"R (>= 3.6.0), Matrix (>= 1.0-6)","methods, utils, foreach, shape, survival",NA,"knitr, lars, testthat, xfun, rmarkdown",NA,"GPL-2",NA,NA,NA,NA,"yes","4.0.5"
"googledrive","googledrive","/home/schmis12/R/x86_64-redhat-linux-gnu-library/4.0","1.0.1",NA,"R (>= 3.2)","curl (>= 2.8.1), gargle (>= 0.3.1), glue (>= 1.2.0), httr,
jsonlite, magrittr, purrr (>= 0.2.3), rlang (>= 0.3.1), tibble
(>= 2.0.0), utils, uuid",NA,"covr, dplyr, knitr, rmarkdown, roxygen2, sodium, spelling,
testthat (>= 2.1.1)",NA,"MIT + file LICENSE",NA,NA,NA,NA,"no","4.0.5"
"googlesheets4","googlesheets4","/home/schmis12/R/x86_64-redhat-linux-gnu-library/4.0","0.3.0",NA,"R (>= 3.2)","cellranger, curl, gargle (>= 1.0.0), glue (>= 1.3.0),
googledrive (>= 1.0.0), httr, ids, lifecycle, magrittr,
methods, purrr, rematch2, rlang, tibble (>= 2.1.1), utils,
vctrs (>= 0.2.3)",NA,"covr, readr, rmarkdown, sodium, spelling, testthat (>=
2.1.0), withr",NA,"MIT + file LICENSE",NA,NA,NA,NA,"no","4.0.5"
"gower","gower","/home/schmis12/R/x86_64-redhat-linux-gnu-library/4.0","0.2.2",NA,NA,NA,NA,"tinytest (>= 0.9.3),",NA,"GPL-3",NA,NA,NA,NA,"yes","4.0.5"
"gridExtra","gridExtra","/home/schmis12/R/x86_64-redhat-linux-gnu-library/4.0","2.3",NA,NA,"gtable, grid, grDevices, graphics, utils",NA,"ggplot2, egg, lattice, knitr, testthat",NA,"GPL (>= 2)",NA,NA,NA,NA,"no","4.0.5"
"gridtext","gridtext","/home/schmis12/R/x86_64-redhat-linux-gnu-library/4.0","0.1.4",NA,"R (>= 3.5)","grid, grDevices, markdown, rlang, Rcpp, RCurl, png, jpeg,
stringr, xml2","Rcpp","covr, knitr, rmarkdown, testthat, vdiffr",NA,"MIT + file LICENSE",NA,NA,NA,NA,"yes","4.0.5"
"gtable","gtable","/home/schmis12/R/x86_64-redhat-linux-gnu-library/4.0","0.3.0",NA,"R (>= 3.0)","grid",NA,"covr, testthat, knitr, rmarkdown, ggplot2, profvis",NA,"GPL-2",NA,NA,NA,NA,"no","4.0.5"
"haven","haven","/home/schmis12/R/x86_64-redhat-linux-gnu-library/4.0","2.4.1",NA,"R (>= 3.2)","forcats (>= 0.2.0), hms, methods, readr (>= 0.1.0), rlang (>=
0.4.0), tibble, tidyselect, vctrs (>= 0.3.0)","cpp11","cli, covr, crayon, fs, knitr, pillar (>= 1.4.0), rmarkdown,
testthat (>= 3.0.0)",NA,"MIT + file LICENSE",NA,NA,NA,NA,"yes","4.0.5"
"Hmisc","Hmisc","/home/schmis12/R/x86_64-redhat-linux-gnu-library/4.0","4.5-0",NA,"lattice, survival (>= 3.1-6), Formula, ggplot2 (>= 2.2)","methods, latticeExtra, cluster, rpart, nnet, foreign, gtable,
grid, gridExtra, data.table, htmlTable (>= 1.11.0), viridis,
htmltools, base64enc",NA,"acepack, chron, rms, mice, tables, knitr, plotly (>= 4.5.6),
rlang, plyr, VGAM",NA,"GPL (>= 2)",NA,NA,NA,NA,"yes","4.0.5"
"hms","hms","/home/schmis12/R/x86_64-redhat-linux-gnu-library/4.0","1.1.0",NA,NA,"ellipsis (>= 0.3.2), lifecycle, methods, pkgconfig, rlang,
vctrs (>= 0.3.8)",NA,"crayon, lubridate, pillar (>= 1.1.0), testthat (>= 3.0.0)",NA,"MIT + file LICENSE",NA,NA,NA,NA,"no","4.0.5"
"htmlTable","htmlTable","/home/schmis12/R/x86_64-redhat-linux-gnu-library/4.0","2.2.1",NA,NA,"stringr, knitr (>= 1.6), magrittr (>= 1.5), methods,
checkmate, htmlwidgets, htmltools, rstudioapi (>= 0.6)",NA,"testthat, XML, xml2, Hmisc, reshape, rmarkdown, chron,
lubridate, tibble, purrr, tidyselect, glue, rlang, tidyr (>=
0.7.2), dplyr (>= 0.7.4)",NA,"GPL (>= 3)",NA,NA,NA,NA,"no","4.0.5"
"htmltools","htmltools","/home/schmis12/R/x86_64-redhat-linux-gnu-library/4.0","0.5.1.1",NA,"R (>= 2.14.1)","utils, digest, grDevices, base64enc, rlang",NA,"markdown, testthat, withr, Cairo, ragg, shiny","knitr","GPL (>= 2)",NA,NA,NA,NA,"yes","4.0.5"
"htmlwidgets","htmlwidgets","/home/schmis12/R/x86_64-redhat-linux-gnu-library/4.0","1.5.3",NA,NA,"grDevices, htmltools (>= 0.3), jsonlite (>= 0.9.16), yaml",NA,"knitr (>= 1.8), rmarkdown, testthat","shiny (>= 1.1)","MIT + file LICENSE",NA,NA,NA,NA,"no","4.0.5"
"httpuv","httpuv","/home/schmis12/R/x86_64-redhat-linux-gnu-library/4.0","1.6.1",NA,"R (>= 2.15.1)","Rcpp (>= 0.11.0), utils, R6, promises, later (>= 0.8.0)","Rcpp, later","testthat, callr, curl, websocket",NA,"GPL (>= 2) | file LICENSE",NA,NA,NA,NA,"yes","4.0.5"
"httr","httr","/home/schmis12/R/x86_64-redhat-linux-gnu-library/4.0","1.4.2",NA,"R (>= 3.2)","curl (>= 3.0.0), jsonlite, mime, openssl (>= 0.8), R6",NA,"covr, httpuv, jpeg, knitr, png, readr, rmarkdown, testthat
(>= 0.8.0), xml2",NA,"MIT + file LICENSE",NA,NA,NA,NA,"no","4.0.5"
"huxtable","huxtable","/home/schmis12/R/x86_64-redhat-linux-gnu-library/4.0","5.4.0",NA,"R (>= 2.10)","assertthat, commonmark, generics, glue, memoise, R6, rlang,
stats, stringi, stringr (>= 1.2.0), tidyselect, utils, xml2",NA,"AER, bookdown, broom (>= 0.5.1), broom.mixed, covr, crayon,
devtools, dplyr (>= 0.7.0), fansi, flextable (>= 0.5.5),
ftExtra (>= 0.0.2), ggplot2, httr, knitr, lme4, lmtest, nlme,
nnet, officer, openxlsx, psych, rmarkdown, sandwich, scales,
testthat, tibble, tinytex",NA,"MIT + file LICENSE",NA,NA,NA,NA,"no","4.0.5"
"ids","ids","/home/schmis12/R/x86_64-redhat-linux-gnu-library/4.0","1.0.1",NA,NA,"openssl, uuid",NA,"knitr, rcorpora, rmarkdown, testthat",NA,"MIT + file LICENSE",NA,NA,NA,NA,"no","4.0.5"
"inline","inline","/home/schmis12/R/x86_64-redhat-linux-gnu-library/4.0","0.3.19",NA,NA,"methods",NA,"Rcpp (>= 0.11.0), tinytest",NA,"LGPL",NA,NA,NA,NA,"no","4.0.5"
"ipred","ipred","/home/schmis12/R/x86_64-redhat-linux-gnu-library/4.0","0.9-11",NA,"R (>= 2.10)","rpart (>= 3.1-8), MASS, survival, nnet, class, prodlim",NA,"mvtnorm, mlbench, TH.data, randomForest, party",NA,"GPL (>= 2)",NA,NA,NA,NA,"yes","4.0.5"
"isoband","isoband","/home/schmis12/R/x86_64-redhat-linux-gnu-library/4.0","0.2.4",NA,NA,"grid, utils",NA,"covr, ggplot2, knitr, magick, microbenchmark, rmarkdown, sf,
testthat, xml2",NA,"MIT + file LICENSE",NA,NA,NA,NA,"yes","4.0.5"
"iterators","iterators","/home/schmis12/R/x86_64-redhat-linux-gnu-library/4.0","1.0.13",NA,"R (>= 2.5.0), utils",NA,NA,"RUnit, foreach",NA,"Apache License (== 2.0)",NA,NA,NA,NA,"no","4.0.5"
"jpeg","jpeg","/home/schmis12/R/x86_64-redhat-linux-gnu-library/4.0","0.1-8.1",NA,"R (>= 2.9.0)",NA,NA,NA,NA,"GPL-2 | GPL-3",NA,NA,NA,NA,"yes","4.0.5"
"jquerylib","jquerylib","/home/schmis12/R/x86_64-redhat-linux-gnu-library/4.0","0.1.4",NA,NA,"htmltools",NA,"testthat",NA,"MIT + file LICENSE",NA,NA,NA,NA,"no","4.0.5"
"jsonlite","jsonlite","/home/schmis12/R/x86_64-redhat-linux-gnu-library/4.0","1.7.2",NA,"methods",NA,NA,"httr, curl, plyr, testthat, knitr, rmarkdown, R.rsp, sf",NA,"MIT + file LICENSE",NA,NA,NA,NA,"yes","4.0.5"
"kableExtra","kableExtra","/home/schmis12/R/x86_64-redhat-linux-gnu-library/4.0","1.3.4",NA,"R (>= 3.1.0)","knitr (>= 1.16), magrittr, stringr (>= 1.0), xml2 (>= 1.1.1),
rvest, rmarkdown (>= 1.6.0), scales, viridisLite, stats,
grDevices, htmltools, rstudioapi, glue, tools, webshot, digest,
graphics, svglite",NA,"testthat, magick, formattable, sparkline",NA,"MIT + file LICENSE",NA,NA,NA,NA,"no","4.0.5"
"km.ci","km.ci","/home/schmis12/R/x86_64-redhat-linux-gnu-library/4.0","0.5-2",NA,"R (>= 1.8.0), survival, stats",NA,NA,NA,NA,"GPL (>= 2)",NA,NA,NA,NA,NA,"4.0.5"
"KMsurv","KMsurv","/home/schmis12/R/x86_64-redhat-linux-gnu-library/4.0","0.1-5",NA,NA,NA,NA,NA,NA,"GPL (>= 3)",NA,NA,NA,NA,NA,"4.0.5"
"labeling","labeling","/home/schmis12/R/x86_64-redhat-linux-gnu-library/4.0","0.4.2",NA,NA,"stats, graphics",NA,NA,NA,"MIT + file LICENSE | Unlimited",NA,NA,NA,NA,"no","4.0.5"
"later","later","/home/schmis12/R/x86_64-redhat-linux-gnu-library/4.0","1.2.0",NA,NA,"Rcpp (>= 0.12.9), rlang","Rcpp","knitr, rmarkdown, testthat (>= 2.1.0)",NA,"MIT + file LICENSE",NA,NA,NA,NA,"yes","4.0.5"
"latticeExtra","latticeExtra","/home/schmis12/R/x86_64-redhat-linux-gnu-library/4.0","0.6-29",NA,"R (>= 3.6.0), lattice","grid, stats, utils, grDevices, png, jpeg, RColorBrewer",NA,"maps, mapproj, deldir, tripack, quantreg, zoo, MASS, mgcv",NA,"GPL (>= 2)",NA,NA,NA,NA,"no","4.0.5"
"lava","lava","/home/schmis12/R/x86_64-redhat-linux-gnu-library/4.0","1.6.9",NA,"R (>= 3.0)","grDevices, graphics, methods, numDeriv, stats, survival,
SQUAREM, utils",NA,"KernSmooth, Matrix, Rgraphviz, data.table, ellipse, fields,
foreach, geepack, gof (>= 0.9), graph, knitr, bookdown,
rmarkdown, igraph (>= 0.6), lava.tobit (>= 0.4.7), lavaSearch2,
lme4, magrittr, mets (>= 1.1), nlme, optimx, polycor, quantreg,
rgl, R.rsp (>= 0.40), testthat (>= 0.11), visNetwork, zoo",NA,"GPL-3",NA,NA,NA,NA,"no","4.0.5"
"lazyeval","lazyeval","/home/schmis12/R/x86_64-redhat-linux-gnu-library/4.0","0.2.2",NA,"R (>= 3.1.0)",NA,NA,"knitr, rmarkdown (>= 0.2.65), testthat, covr",NA,"GPL-3",NA,NA,NA,NA,"yes","4.0.5"
"lbfgsb3c","lbfgsb3c","/home/schmis12/R/x86_64-redhat-linux-gnu-library/4.0","2020-3.2",NA,"R (>= 3.0.2)","Rcpp (>= 0.12.3), numDeriv, methods","Rcpp (>= 0.12.3), RcppArmadillo","optimx, microbenchmark, testthat, knitr, pkgbuild, rmarkdown,
RcppArmadillo",NA,"GPL-2",NA,NA,NA,NA,"yes","4.0.5"
"learnr","learnr","/home/schmis12/R/x86_64-redhat-linux-gnu-library/4.0","0.10.1",NA,NA,"utils, parallel, withr, rappdirs, rprojroot, jsonlite,
htmltools (>= 0.3.5), htmlwidgets, evaluate, knitr (>= 1.14),
markdown, shiny (>= 1.0), rmarkdown (>= 1.12.0), ellipsis (>=
0.2.0.1), checkmate, renv (>= 0.8.0)",NA,"testthat (>= 2.1.0), callr, rlang",NA,"Apache License (>= 2.0)",NA,NA,NA,NA,"no","4.0.5"
"lhs","lhs","/home/schmis12/R/x86_64-redhat-linux-gnu-library/4.0","1.1.1",NA,"R (>= 3.4.0)","Rcpp","Rcpp","testthat, assertthat, DoE.base, knitr, rmarkdown, covr",NA,"GPL-3",NA,NA,NA,NA,"yes","4.0.5"
"lifecycle","lifecycle","/home/schmis12/R/x86_64-redhat-linux-gnu-library/4.0","1.0.0",NA,"R (>= 3.3)","glue, rlang (>= 0.4.10)",NA,"covr, crayon, knitr, rmarkdown, testthat (>= 3.0.1), tibble",NA,"MIT + file LICENSE",NA,NA,NA,NA,"no","4.0.5"
"lme4","lme4","/home/schmis12/R/x86_64-redhat-linux-gnu-library/4.0","1.1-27.1",NA,"R (>= 3.2.0), Matrix (>= 1.2-1), methods, stats","graphics, grid, splines, utils, parallel, MASS, lattice, boot,
nlme (>= 3.1-123), minqa (>= 1.1.15), nloptr (>= 1.0.4)","Rcpp (>= 0.10.5), RcppEigen","knitr, rmarkdown, PKPDmodels, MEMSS, testthat (>= 0.8.1),
ggplot2, mlmRev, optimx (>= 2013.8.6), gamm4, pbkrtest, HSAUR3,
numDeriv, car, dfoptim, mgcv, statmod, rr2, semEff",NA,"GPL (>= 2)",NA,NA,NA,NA,"yes","4.0.5"
"lmom","lmom","/home/schmis12/R/x86_64-redhat-linux-gnu-library/4.0","2.8",NA,"R (>= 3.0.0)","stats, graphics",NA,NA,NA,"Common Public License Version 1.0",NA,NA,NA,NA,"yes","4.0.5"
"loo","loo","/home/schmis12/R/x86_64-redhat-linux-gnu-library/4.0","2.4.1",NA,"R (>= 3.1.2)","checkmate, matrixStats (>= 0.52), parallel, stats",NA,"bayesplot (>= 1.7.0), brms (>= 2.10.0), ggplot2, graphics,
knitr, rmarkdown, rstan, rstanarm (>= 2.19.0), rstantools,
spdep, testthat (>= 2.1.0)",NA,"GPL (>= 3)",NA,NA,NA,NA,"no","4.0.5"
"lotri","lotri","/home/schmis12/R/x86_64-redhat-linux-gnu-library/4.0","0.3.1",NA,"R (>= 3.4.0)","methods, utils, stats",NA,"testthat, covr, knitr, rmarkdown, Matrix, microbenchmark,
ggplot2",NA,"GPL (>= 2)",NA,NA,NA,NA,"yes","4.0.5"
"lubridate","lubridate","/home/schmis12/R/x86_64-redhat-linux-gnu-library/4.0","1.7.10",NA,"methods, R (>= 3.2)","generics, Rcpp (>= 0.12.13)","Rcpp","covr, knitr, testthat (>= 2.1.0), vctrs (>= 0.3.0), rmarkdown","chron, timeDate, tis, zoo","GPL (>= 2)",NA,NA,NA,NA,"yes","4.0.5"
"maps","maps","/home/schmis12/R/x86_64-redhat-linux-gnu-library/4.0","3.3.0",NA,"R (>= 3.0.0)","graphics, utils",NA,"mapproj (>= 1.2-0), mapdata (>= 2.3.0), sp, maptools,
rnaturalearth",NA,"GPL-2",NA,NA,NA,NA,"yes","4.0.5"
"maptools","maptools","/home/schmis12/R/x86_64-redhat-linux-gnu-library/4.0","1.1-1",NA,"R (>= 2.10), sp (>= 1.0-11)","foreign (>= 0.8), methods, grid, lattice, stats, utils,
grDevices",NA,"rgeos (>= 0.1-8), spatstat.geom (>= 1.65-0), PBSmapping,
maps, RColorBrewer, raster, polyclip, plotrix, spatstat.linnet
(>= 1.65-3), spatstat.utils (>= 1.19.0), spatstat (>= 2.0-0)","gpclib","GPL (>= 2)",NA,NA,NA,NA,"yes","4.0.5"
"maptree","maptree","/home/schmis12/R/x86_64-redhat-linux-gnu-library/4.0","1.4-7",NA,"R (>= 2.14), cluster, rpart",NA,NA,NA,NA,"Unlimited",NA,NA,NA,NA,NA,"4.0.5"
"MatrixModels","MatrixModels","/home/schmis12/R/x86_64-redhat-linux-gnu-library/4.0","0.5-0",NA,"R (>= 3.0.1)","stats, methods, Matrix (>= 1.1-5)",NA,NA,NA,"GPL (>= 2)",NA,NA,NA,NA,"no","4.0.5"
"matrixStats","matrixStats","/home/schmis12/R/x86_64-redhat-linux-gnu-library/4.0","0.59.0",NA,"R (>= 2.12.0)",NA,NA,"base64enc, ggplot2, knitr, microbenchmark, R.devices, R.rsp",NA,"Artistic-2.0",NA,NA,NA,NA,"yes","4.0.5"
"maxstat","maxstat","/home/schmis12/R/x86_64-redhat-linux-gnu-library/4.0","0.7-25",NA,"R (>= 1.7.0)","exactRankTests(>= 0.8-23), mvtnorm(>= 0.5-10), stats, graphics",NA,"TH.data, survival",NA,"GPL (>= 2)",NA,NA,NA,NA,"yes","4.0.5"
"memoise","memoise","/home/schmis12/R/x86_64-redhat-linux-gnu-library/4.0","2.0.0",NA,NA,"rlang (>= 0.4.10), cachem",NA,"digest, aws.s3, covr, googleAuthR, googleCloudStorageR, httr,
testthat",NA,"MIT + file LICENSE",NA,NA,NA,NA,"no","4.0.5"
"minpack.lm","minpack.lm","/home/schmis12/R/x86_64-redhat-linux-gnu-library/4.0","1.2-1",NA,NA,NA,NA,"MASS",NA,"GPL-3",NA,NA,NA,NA,"yes","4.0.5"
"minqa","minqa","/home/schmis12/R/x86_64-redhat-linux-gnu-library/4.0","1.2.4",NA,NA,"Rcpp (>= 0.9.10)","Rcpp",NA,NA,"GPL-2",NA,NA,NA,NA,"yes","4.0.5"
"mlegp","mlegp","/home/schmis12/R/x86_64-redhat-linux-gnu-library/4.0","3.1.8",NA,NA,NA,NA,"snowfall",NA,"GPL (>= 2)",NA,NA,NA,NA,"yes","4.0.5"
"mlxR","mlxR","/home/schmis12/R/x86_64-redhat-linux-gnu-library/4.0","4.2.0",NA,"R (>= 3.0.1), ggplot2","tools, methods, graphics, grDevices, utils, stats",NA,"XML, Rcpp (>= 0.11.3), reshape2, gridExtra, shiny",NA,"BSD_2_clause + file LICENSE",NA,NA,NA,NA,"no","4.0.5"
"ModelMetrics","ModelMetrics","/home/schmis12/R/x86_64-redhat-linux-gnu-library/4.0","1.2.2.2",NA,"R (>= 3.2.2)","Rcpp, data.table","Rcpp","testthat",NA,"GPL (>= 2)",NA,NA,NA,NA,"yes","4.0.5"
"modelr","modelr","/home/schmis12/R/x86_64-redhat-linux-gnu-library/4.0","0.1.8",NA,"R (>= 3.2)","broom, magrittr, purrr (>= 0.2.2), rlang (>= 0.2.0), tibble,
tidyr (>= 0.8.0), tidyselect, vctrs",NA,"compiler, covr, ggplot2, testthat",NA,"GPL-3",NA,NA,NA,NA,"no","4.0.5"
"munsell","munsell","/home/schmis12/R/x86_64-redhat-linux-gnu-library/4.0","0.5.0",NA,NA,"colorspace, methods",NA,"ggplot2, testthat",NA,"MIT + file LICENSE",NA,NA,NA,NA,"no","4.0.5"
"mvna","mvna","/home/schmis12/R/x86_64-redhat-linux-gnu-library/4.0","2.0.1",NA,NA,"lattice",NA,NA,NA,"MIT + file LICENSE",NA,NA,NA,NA,"yes","4.0.5"
"mvtnorm","mvtnorm","/home/schmis12/R/x86_64-redhat-linux-gnu-library/4.0","1.1-2",NA,"R(>= 3.5.0)","stats, methods",NA,NA,NA,"GPL-2",NA,NA,NA,NA,"yes","4.0.5"
"n1qn1","n1qn1","/home/schmis12/R/x86_64-redhat-linux-gnu-library/4.0","6.0.1-10",NA,"R (>= 3.2)","Rcpp (>= 0.12.3)","RcppArmadillo (>= 0.5.600.2.0), Rcpp (>= 0.12.3)","testthat, covr",NA,"CeCILL-2",NA,NA,NA,NA,"yes","4.0.5"
"narray","narray","/home/schmis12/R/x86_64-redhat-linux-gnu-library/4.0","0.4.1.1",NA,"R (>= 3.0.2)","progress, stats, stringr, utils",NA,"knitr, testthat, rmarkdown",NA,"Apache License (== 2.0) | file LICENSE",NA,NA,NA,NA,"no","4.0.5"
"nleqslv","nleqslv","/home/schmis12/R/x86_64-redhat-linux-gnu-library/4.0","3.3.2",NA,NA,NA,NA,NA,NA,"GPL (>= 2)",NA,NA,NA,NA,"yes","4.0.5"
"nloptr","nloptr","/home/schmis12/R/x86_64-redhat-linux-gnu-library/4.0","1.2.2.2",NA,NA,NA,NA,"testthat (>= 0.8.1), knitr, rmarkdown, inline (>= 0.3.14)",NA,"LGPL-3",NA,NA,NA,NA,"yes","4.0.5"
"numDeriv","numDeriv","/home/schmis12/R/x86_64-redhat-linux-gnu-library/4.0","2016.8-1.1",NA,"R (>= 2.11.1)",NA,NA,NA,NA,"GPL-2",NA,NA,NA,NA,"no","4.0.5"
"officer","officer","/home/schmis12/R/x86_64-redhat-linux-gnu-library/4.0","0.3.18",NA,NA,"R6, grDevices, stats, graphics, utils, zip (>= 2.1.0), uuid
(>= 0.1-4), xml2 (>= 1.1.0)",NA,"testthat, devEMF, ggplot2, rmarkdown, base64enc, knitr, rsvg",NA,"GPL-3",NA,NA,NA,NA,"no","4.0.5"
"OncoBayes2","OncoBayes2","/home/schmis12/R/x86_64-redhat-linux-gnu-library/4.0","0.7-0",NA,"R (>= 3.4.0), Rcpp (>= 0.12.0), methods","assertthat (>= 0.2.1), checkmate, Formula, rstan (>= 2.19.3),
rstantools (>= 2.0.0), bayesplot (>= 1.4.0), ggplot2 (>=
2.2.1), dplyr (>= 0.8.0), tibble, tidyr (>= 1.0.0), abind,
scales, rlang (>= 0.3.0), tidyselect, utils, stats","StanHeaders (>= 2.19.0), rstan (>= 2.19.2), BH (>= 1.72.0),
Rcpp (>= 0.12.0), RcppEigen (>= 0.3.3.3.0)","rmarkdown, knitr, testthat (>= 2.0.0), mvtnorm",NA,"GPL (>= 3)",NA,NA,NA,NA,"yes","4.0.5"
"openssl","openssl","/home/schmis12/R/x86_64-redhat-linux-gnu-library/4.0","1.4.4",NA,NA,"askpass",NA,"testthat (>= 2.1.0), digest, knitr, rmarkdown, jsonlite,
jose, sodium",NA,"MIT + file LICENSE",NA,NA,NA,NA,"yes","4.0.5"
"openxlsx","openxlsx","/home/schmis12/R/x86_64-redhat-linux-gnu-library/4.0","4.2.4",NA,"R (>= 3.3.0)","grDevices, methods, Rcpp, stats, utils, zip, stringi","Rcpp","knitr, testthat, roxygen2, rmarkdown",NA,"MIT + file LICENSE",NA,NA,NA,NA,"yes","4.0.5"
"packrat","packrat","/home/schmis12/R/x86_64-redhat-linux-gnu-library/4.0","0.6.0",NA,"R (>= 3.0.0)","tools, utils",NA,"testthat (>= 0.7), devtools, httr, knitr, rmarkdown",NA,"GPL-2",NA,NA,NA,NA,"no","4.0.5"
"pander","pander","/home/schmis12/R/x86_64-redhat-linux-gnu-library/4.0","0.6.4",NA,"R (>= 2.15.0)","grDevices, graphics, methods, utils, stats, digest, tools,
Rcpp","Rcpp","grid, lattice, ggplot2 (>= 0.9.2), sylly, sylly.en, logger,
survival, microbenchmark, zoo, nlme, descr, MASS, knitr,
rmarkdown, tables, reshape, memisc, Epi, randomForest, tseries,
gtable, rms, forecast, data.table",NA,"AGPL-3 | file LICENSE",NA,NA,NA,NA,"yes","4.0.5"
"pbkrtest","pbkrtest","/home/schmis12/R/x86_64-redhat-linux-gnu-library/4.0","0.5.1",NA,"R (>= 3.5.0), lme4 (>= 1.1.10)","broom, dplyr, magrittr, MASS, Matrix (>= 1.2.3), methods,
numDeriv, parallel, knitr",NA,NA,NA,"GPL (>= 2)",NA,NA,NA,NA,"no","4.0.5"
"PEIP","PEIP","/home/schmis12/R/x86_64-redhat-linux-gnu-library/4.0","2.2-3",NA,"R (>= 2.12)","bvls, Matrix, RSEIS, pracma, geigen, fields",NA,NA,NA,"GPL (>= 2)",NA,NA,NA,NA,"no","4.0.5"
"penalizedSVM","penalizedSVM","/home/schmis12/R/x86_64-redhat-linux-gnu-library/4.0","1.1.2",NA,"e1071, mlegp, MASS","corpcor, statmod, tgp, lhs",NA,NA,NA,"GPL (>= 2)",NA,NA,NA,NA,"no","4.0.5"
"peperr","peperr","/home/schmis12/R/x86_64-redhat-linux-gnu-library/4.0","1.3",NA,"snowfall, survival",NA,NA,"locfit, penalized, codetools",NA,"GPL (>= 2)",NA,NA,NA,NA,"yes","4.0.5"
"pillar","pillar","/home/schmis12/R/x86_64-redhat-linux-gnu-library/4.0","1.6.1",NA,NA,"cli, crayon (>= 1.3.4), ellipsis (>= 0.3.2), fansi, lifecycle,
rlang (>= 0.3.0), utf8 (>= 1.1.0), utils, vctrs (>= 0.3.8)",NA,"bit64, debugme, DiagrammeR, dplyr, formattable, ggplot2,
knitr, lubridate, nycflights13, palmerpenguins, rmarkdown,
scales, stringi, survival, testthat (>= 3.0.2), tibble, units,
withr",NA,"MIT + file LICENSE",NA,NA,NA,NA,"no","4.0.5"
"pkgbuild","pkgbuild","/home/schmis12/R/x86_64-redhat-linux-gnu-library/4.0","1.2.0",NA,"R (>= 3.1)","callr (>= 3.2.0), cli, crayon, desc, prettyunits, R6,
rprojroot, withr (>= 2.1.2)",NA,"Rcpp, cpp11, testthat, covr",NA,"MIT + file LICENSE",NA,NA,NA,NA,"no","4.0.5"
"pkgconfig","pkgconfig","/home/schmis12/R/x86_64-redhat-linux-gnu-library/4.0","2.0.3",NA,NA,"utils",NA,"covr, testthat, disposables (>= 1.0.3)",NA,"MIT + file LICENSE",NA,NA,NA,NA,"no","4.0.5"
"plotly","plotly","/home/schmis12/R/x86_64-redhat-linux-gnu-library/4.0","4.9.4.1",NA,"R (>= 3.2.0), ggplot2 (>= 3.0.0)","tools, scales, httr (>= 1.3.0), jsonlite (>= 1.6), magrittr,
digest, viridisLite, base64enc, htmltools (>= 0.3.6),
htmlwidgets (>= 1.5.2.9001), tidyr (>= 1.0.0), RColorBrewer,
dplyr, vctrs, tibble, lazyeval (>= 0.2.0), rlang (>= 0.4.10),
crosstalk, purrr, data.table, promises",NA,"MASS, maps, hexbin, ggthemes, GGally, testthat, knitr,
devtools, shiny (>= 1.1.0), shinytest (>= 1.3.0), curl,
rmarkdown, vdiffr, Cairo, broom, webshot, listviewer,
dendextend, sf, maptools, rgeos, png, IRdisplay, processx,
plotlyGeoAssets, forcats, palmerpenguins",NA,"MIT + file LICENSE",NA,NA,NA,NA,"no","4.0.5"
"plyr","plyr","/home/schmis12/R/x86_64-redhat-linux-gnu-library/4.0","1.8.6",NA,"R (>= 3.1.0)","Rcpp (>= 0.11.0)","Rcpp","abind, covr, doParallel, foreach, iterators, itertools,
tcltk, testthat",NA,"MIT + file LICENSE",NA,NA,NA,NA,"yes","4.0.5"
"png","png","/home/schmis12/R/x86_64-redhat-linux-gnu-library/4.0","0.1-7",NA,"R (>= 2.9.0)",NA,NA,NA,NA,"GPL-2 | GPL-3",NA,NA,NA,NA,"yes","4.0.5"
"polyclip","polyclip","/home/schmis12/R/x86_64-redhat-linux-gnu-library/4.0","1.10-0",NA,"R (>= 3.0.0)",NA,NA,NA,NA,"BSL",NA,NA,NA,NA,"yes","4.0.5"
"polynom","polynom","/home/schmis12/R/x86_64-redhat-linux-gnu-library/4.0","1.4-0",NA,NA,"stats, graphics",NA,"knitr, rmarkdown",NA,"GPL-2",NA,NA,NA,NA,"no","4.0.5"
"pracma","pracma","/home/schmis12/R/x86_64-redhat-linux-gnu-library/4.0","2.3.3",NA,"R (>= 3.1.0)","graphics, grDevices, stats, utils",NA,"NlcOptim, quadprog",NA,"GPL (>= 3)",NA,NA,NA,NA,"no","4.0.5"
"PreciseSums","PreciseSums","/home/schmis12/R/x86_64-redhat-linux-gnu-library/4.0","0.4",NA,"R (>= 3.2)",NA,NA,"testthat",NA,"GPL (>= 2)",NA,NA,NA,NA,"yes","4.0.5"
"prettyunits","prettyunits","/home/schmis12/R/x86_64-redhat-linux-gnu-library/4.0","1.1.1",NA,NA,NA,NA,"codetools, covr, testthat",NA,"MIT + file LICENSE",NA,NA,NA,NA,"no","4.0.5"
"pROC","pROC","/home/schmis12/R/x86_64-redhat-linux-gnu-library/4.0","1.17.0.1",NA,"R (>= 2.14)","methods, plyr, Rcpp (>= 0.11.1)","Rcpp","microbenchmark, tcltk, MASS, logcondens, doParallel,
testthat, vdiffr, ggplot2",NA,"GPL (>= 3)",NA,NA,NA,NA,"yes","4.0.5"
"processx","processx","/home/schmis12/R/x86_64-redhat-linux-gnu-library/4.0","3.5.2",NA,NA,"ps (>= 1.2.0), R6, utils",NA,"callr (>= 3.2.0), cli, codetools, covr, curl, debugme,
parallel, testthat, withr",NA,"MIT + file LICENSE",NA,NA,NA,NA,"yes","4.0.5"
"prodlim","prodlim","/home/schmis12/R/x86_64-redhat-linux-gnu-library/4.0","2019.11.13",NA,"R (>= 2.9.0)","Rcpp (>= 0.11.5), stats, grDevices, graphics, survival,
KernSmooth, lava","Rcpp",NA,NA,"GPL (>= 2)",NA,NA,NA,NA,"yes","4.0.5"
"progress","progress","/home/schmis12/R/x86_64-redhat-linux-gnu-library/4.0","1.2.2",NA,NA,"hms, prettyunits, R6, crayon",NA,"Rcpp, testthat, withr",NA,"MIT + file LICENSE",NA,NA,NA,NA,"no","4.0.5"
"promises","promises","/home/schmis12/R/x86_64-redhat-linux-gnu-library/4.0","1.2.0.1",NA,NA,"R6, Rcpp, later, rlang, stats, magrittr","later, Rcpp","testthat, future (>= 1.21.0), fastmap (>= 1.1.0), purrr,
knitr, rmarkdown, vembedr, spelling",NA,"MIT + file LICENSE",NA,NA,NA,NA,"yes","4.0.5"
"proxy","proxy","/home/schmis12/R/x86_64-redhat-linux-gnu-library/4.0","0.4-26",NA,"R (>= 3.4.0)","stats, utils",NA,"cba",NA,"GPL-2",NA,NA,NA,NA,"yes","4.0.5"
"ps","ps","/home/schmis12/R/x86_64-redhat-linux-gnu-library/4.0","1.6.0",NA,"R (>= 3.1)","utils",NA,"callr, covr, curl, pingr, processx (>= 3.1.0), R6, rlang,
testthat, tibble",NA,"MIT + file LICENSE",NA,NA,NA,NA,"yes","4.0.5"
"purrr","purrr","/home/schmis12/R/x86_64-redhat-linux-gnu-library/4.0","0.3.4",NA,"R (>= 3.2)","magrittr (>= 1.5), rlang (>= 0.3.1)",NA,"covr, crayon, dplyr (>= 0.7.8), knitr, rmarkdown, testthat,
tibble, tidyselect",NA,"GPL-3 | file LICENSE",NA,NA,NA,NA,"yes","4.0.5"
"qs","qs","/home/schmis12/R/x86_64-redhat-linux-gnu-library/4.0","0.24.1",NA,"R (>= 3.0.2)","Rcpp, RApiSerialize, stringfish (>= 0.15.0)","Rcpp, RApiSerialize, stringfish","knitr, rmarkdown",NA,"GPL-3",NA,NA,NA,NA,"yes","4.0.5"
"quadprog","quadprog","/home/schmis12/R/x86_64-redhat-linux-gnu-library/4.0","1.5-8",NA,"R (>= 3.1.0)",NA,NA,NA,NA,"GPL (>= 2)",NA,NA,NA,NA,"yes","4.0.5"
"quantreg","quantreg","/home/schmis12/R/x86_64-redhat-linux-gnu-library/4.0","5.86",NA,"R (>= 2.6), stats, SparseM","methods, graphics, Matrix, MatrixModels, conquer",NA,"tripack, akima, MASS, survival, rgl, logspline, nor1mix,
Formula, zoo, R.rsp",NA,"GPL (>= 2)",NA,NA,NA,NA,"yes","4.0.5"
"R6","R6","/home/schmis12/R/x86_64-redhat-linux-gnu-library/4.0","2.5.0",NA,"R (>= 3.0)",NA,NA,"knitr, microbenchmark, pryr, testthat, ggplot2, scales",NA,"MIT + file LICENSE",NA,NA,NA,NA,"no","4.0.5"
"RApiSerialize","RApiSerialize","/home/schmis12/R/x86_64-redhat-linux-gnu-library/4.0","0.1.0",NA,NA,NA,NA,NA,NA,"GPL (>= 2)",NA,NA,NA,NA,"yes","4.0.5"
"rappdirs","rappdirs","/home/schmis12/R/x86_64-redhat-linux-gnu-library/4.0","0.3.3",NA,"R (>= 3.2)",NA,NA,"roxygen2, testthat (>= 3.0.0), covr, withr",NA,"MIT + file LICENSE",NA,NA,NA,NA,"yes","4.0.5"
"RColorBrewer","RColorBrewer","/home/schmis12/R/x86_64-redhat-linux-gnu-library/4.0","1.1-2",NA,"R (>= 2.0.0)",NA,NA,NA,NA,"Apache License 2.0",NA,NA,NA,NA,"no","4.0.5"
"Rcpp","Rcpp","/home/schmis12/R/x86_64-redhat-linux-gnu-library/4.0","1.0.6",NA,NA,"methods, utils",NA,"tinytest, inline, rbenchmark, pkgKitten (>= 0.1.2)",NA,"GPL (>= 2)",NA,NA,NA,NA,"yes","4.0.5"
"RcppArmadillo","RcppArmadillo","/home/schmis12/R/x86_64-redhat-linux-gnu-library/4.0","0.10.5.0.0",NA,"R (>= 3.3.0)","Rcpp (>= 0.11.0), stats, utils, methods","Rcpp","tinytest, Matrix (>= 1.3.0), pkgKitten, reticulate, slam",NA,"GPL (>= 2)",NA,NA,NA,NA,"yes","4.0.5"
"RcppEigen","RcppEigen","/home/schmis12/R/x86_64-redhat-linux-gnu-library/4.0","0.3.3.9.1",NA,NA,"Matrix (>= 1.1-0), Rcpp (>= 0.11.0), stats, utils","Rcpp","inline, tinytest, pkgKitten, microbenchmark",NA,"GPL (>= 2) | file LICENSE",NA,NA,NA,NA,"yes","4.0.5"
"RcppParallel","RcppParallel","/home/schmis12/R/x86_64-redhat-linux-gnu-library/4.0","5.1.4",NA,"R (>= 3.0.2)",NA,NA,"Rcpp, RUnit, knitr, rmarkdown",NA,"GPL (>= 2)",NA,NA,NA,NA,"yes","4.0.5"
"RCurl","RCurl","/home/schmis12/R/x86_64-redhat-linux-gnu-library/4.0","1.98-1.3",NA,"R (>= 3.4.0), methods","bitops",NA,"XML",NA,"BSD_3_clause + file LICENSE",NA,NA,NA,NA,"yes","4.0.5"
"readr","readr","/home/schmis12/R/x86_64-redhat-linux-gnu-library/4.0","1.4.0",NA,"R (>= 3.1)","cli, clipr, crayon, hms (>= 0.4.1), methods, rlang, R6,
tibble, utils, lifecycle","BH, cpp11","covr, curl, dplyr, knitr, rmarkdown, spelling, stringi,
testthat, xml2",NA,"GPL (>= 2) | file LICENSE",NA,NA,NA,NA,"yes","4.0.5"
"readxl","readxl","/home/schmis12/R/x86_64-redhat-linux-gnu-library/4.0","1.3.1",NA,NA,"cellranger, Rcpp (>= 0.12.18), tibble (>= 1.3.1), utils","progress, Rcpp","covr, knitr, rmarkdown, rprojroot (>= 1.1), testthat",NA,"GPL-3",NA,NA,NA,NA,"yes","4.0.5"
"recipes","recipes","/home/schmis12/R/x86_64-redhat-linux-gnu-library/4.0","0.1.16",NA,"R (>= 3.1), dplyr","ellipsis, generics (>= 0.1.0), glue, gower, ipred, lifecycle,
lubridate, magrittr, Matrix, purrr (>= 0.2.3), rlang (>=
0.4.0), stats, tibble, tidyr (>= 1.0.0), tidyselect (>= 1.1.0),
timeDate, utils, withr",NA,"covr, ddalpha, dimRed (>= 0.2.2), fastICA, ggplot2, igraph,
kernlab, knitr, modeldata, RANN, RcppRoll, rmarkdown, rpart,
rsample, RSpectra, testthat (>= 2.1.0), xml2",NA,"MIT + file LICENSE",NA,NA,NA,NA,"no","4.0.5"
"reda","reda","/home/schmis12/R/x86_64-redhat-linux-gnu-library/4.0","0.5.3",NA,"R (>= 3.2.3)","Rcpp, ggplot2, graphics, grDevices, methods, splines2, stats","Rcpp, RcppArmadillo","knitr, rmarkdown, tinytest",NA,"GPL (>= 3)",NA,NA,NA,NA,"yes","4.0.5"
"rematch","rematch","/home/schmis12/R/x86_64-redhat-linux-gnu-library/4.0","1.0.1",NA,NA,NA,NA,"covr, testthat",NA,"MIT + file LICENSE",NA,NA,NA,NA,"no","4.0.5"
"rematch2","rematch2","/home/schmis12/R/x86_64-redhat-linux-gnu-library/4.0","2.1.2",NA,NA,"tibble",NA,"covr, testthat",NA,"MIT + file LICENSE",NA,NA,NA,NA,"no","4.0.5"
"remotes","remotes","/home/schmis12/R/x86_64-redhat-linux-gnu-library/4.0","2.4.0",NA,"R (>= 3.0.0)","methods, stats, tools, utils",NA,"brew, callr, codetools, curl, covr, git2r (>= 0.23.0), knitr,
mockery, pkgbuild (>= 1.0.1), pingr, rmarkdown, rprojroot,
testthat, webfakes, withr",NA,"MIT + file LICENSE",NA,NA,NA,NA,"no","4.0.5"
"renv","renv","/home/schmis12/R/x86_64-redhat-linux-gnu-library/4.0","0.13.2",NA,NA,"utils",NA,"R6, BiocManager, cli, covr, devtools, knitr, packrat,
remotes, reticulate, rmarkdown, rstudioapi, testthat, uuid,
yaml",NA,"MIT + file LICENSE",NA,NA,NA,NA,"no","4.0.5"
"reprex","reprex","/home/schmis12/R/x86_64-redhat-linux-gnu-library/4.0","2.0.0",NA,"R (>= 3.3)","callr (>= 3.6.0), cli (>= 2.3.1), clipr (>= 0.4.0), fs, glue,
knitr (>= 1.23), rlang (>= 0.4.0), rmarkdown, rstudioapi,
utils, withr (>= 2.3.0)",NA,"covr, fortunes, miniUI, mockr, rprojroot, sessioninfo, shiny,
spelling, styler (>= 1.2.0), testthat (>= 3.0.2)",NA,"MIT + file LICENSE",NA,NA,NA,NA,"no","4.0.5"
"reReg","reReg","/home/schmis12/R/x86_64-redhat-linux-gnu-library/4.0","1.4.0",NA,"R (>= 3.5.0)","BB, nleqslv, SQUAREM, survival, directlabels, ggplot2, MASS,
methods, reda (>= 0.5.0), scam, Rcpp, rootSolve","Rcpp, RcppArmadillo",NA,NA,"GPL (>= 3)",NA,NA,NA,NA,"yes","4.0.5"
"reshape","reshape","/home/schmis12/R/x86_64-redhat-linux-gnu-library/4.0","0.8.8",NA,"R (>= 2.6.1)","plyr",NA,NA,NA,"MIT + file LICENSE",NA,NA,NA,NA,"yes","4.0.5"
"reshape2","reshape2","/home/schmis12/R/x86_64-redhat-linux-gnu-library/4.0","1.4.4",NA,"R (>= 3.1)","plyr (>= 1.8.1), Rcpp, stringr","Rcpp","covr, lattice, testthat (>= 0.8.0)",NA,"MIT + file LICENSE",NA,NA,NA,NA,"yes","4.0.5"
"rex","rex","/home/schmis12/R/x86_64-redhat-linux-gnu-library/4.0","1.2.0",NA,NA,"lazyeval",NA,"testthat, knitr, rmarkdown, dplyr, ggplot2, magrittr, Hmisc,
stringr, rvest, roxygen2, covr",NA,"MIT + file LICENSE",NA,NA,NA,NA,"no","4.0.5"
"rio","rio","/home/schmis12/R/x86_64-redhat-linux-gnu-library/4.0","0.5.27",NA,"R (>= 2.15.0)","tools, stats, utils, foreign, haven (>= 1.1.2), curl (>= 0.6),
data.table (>= 1.9.8), readxl (>= 0.1.1), openxlsx, tibble",NA,"datasets, bit64, testthat, knitr, magrittr, arrow, clipr,
feather, fst, hexView, jsonlite, pzfx, readODS (>= 1.6.4),
readr, rmarkdown, rmatio, xml2 (>= 1.2.0), yaml",NA,"GPL-2",NA,NA,NA,NA,"no","4.0.5"
"rlang","rlang","/home/schmis12/R/x86_64-redhat-linux-gnu-library/4.0","0.4.11",NA,"R (>= 3.3.0)","utils",NA,"cli, covr, crayon, glue, magrittr, methods, pak, pillar,
rmarkdown, testthat (>= 3.0.0), vctrs (>= 0.2.3), withr","winch","MIT + file LICENSE",NA,NA,NA,NA,"yes","4.0.5"
"rmarkdown","rmarkdown","/home/schmis12/R/x86_64-redhat-linux-gnu-library/4.0","2.9",NA,"R (>= 3.0)","tools, utils, knitr (>= 1.22), yaml (>= 2.1.19), htmltools (>=
0.3.5), evaluate (>= 0.13), jsonlite, tinytex (>= 0.31), xfun
(>= 0.21), methods, stringr (>= 1.2.0)",NA,"shiny (>= 1.6.0), tufte, testthat (>= 3.0.0), digest,
dygraphs, vctrs, tibble, fs, rsconnect, withr (>= 2.4.2), bslib
(>= 0.2.5.1), sass (>= 0.4.0)",NA,"GPL-3",NA,NA,NA,NA,"no","4.0.5"
"rootSolve","rootSolve","/home/schmis12/R/x86_64-redhat-linux-gnu-library/4.0","1.8.2.1",NA,"R (>= 2.01)","stats, graphics, grDevices",NA,NA,NA,"GPL (>= 2)",NA,NA,NA,NA,"yes","4.0.5"
"rpact","rpact","/home/schmis12/R/x86_64-redhat-linux-gnu-library/4.0","3.1.0",NA,"R (>= 3.4.0)","methods, stats, utils, graphics, tools, Rcpp (>= 1.0.0)","Rcpp","parallel, ggplot2 (>= 2.2.0), testthat (>= 2.0.0), mnormt (>=
1.5-7), knitr (>= 1.19), rmarkdown (>= 1.10)",NA,"LGPL-3",NA,NA,NA,NA,"yes","4.0.5"
"RPMG","RPMG","/home/schmis12/R/x86_64-redhat-linux-gnu-library/4.0","2.2-3",NA,NA,NA,NA,NA,NA,"GPL (>= 2)",NA,NA,NA,NA,"no","4.0.5"
"rprojroot","rprojroot","/home/schmis12/R/x86_64-redhat-linux-gnu-library/4.0","2.0.2",NA,"R (>= 3.0.0)",NA,NA,"covr, knitr, lifecycle, mockr, rmarkdown, testthat (>=
3.0.0), withr",NA,"MIT + file LICENSE",NA,NA,NA,NA,"no","4.0.5"
"rsconnect","rsconnect","/home/schmis12/R/x86_64-redhat-linux-gnu-library/4.0","0.8.18",NA,"R (>= 3.0.0)","curl, digest, jsonlite, openssl, packrat (>= 0.6), rstudioapi
(>= 0.5), yaml (>= 2.1.5)",NA,"RCurl, callr, httpuv, knitr, plumber (>= 0.3.2), reticulate,
rmarkdown (>= 1.1), shiny, sourcetools, testthat, xtable",NA,"GPL-2",NA,NA,NA,NA,"no","4.0.5"
"RSEIS","RSEIS","/home/schmis12/R/x86_64-redhat-linux-gnu-library/4.0","3.9-3",NA,"R (>= 3.0)","RPMG, Rwave",NA,"stats",NA,"GPL (>= 2)",NA,NA,NA,NA,"yes","4.0.5"
"Rsmlx","Rsmlx","/home/schmis12/R/x86_64-redhat-linux-gnu-library/4.0","3.0.0",NA,"R (>= 3.0.0)","graphics, grDevices, utils, stats, MASS, ggplot2, gridExtra",NA,"mlxR,",NA,"BSD_2_clause + file LICENSE",NA,NA,NA,NA,"no","4.0.5"
"RsSimulx","RsSimulx","/home/schmis12/R/x86_64-redhat-linux-gnu-library/4.0","1.0.1",NA,"R (>= 3.0.0), ggplot2","gridExtra, utils, stats, grDevices",NA,"testthat",NA,"BSD_2_clause + file LICENSE",NA,NA,NA,NA,"no","4.0.5"
"rstan","rstan","/home/schmis12/R/x86_64-redhat-linux-gnu-library/4.0","2.21.2",NA,"R (>= 3.4.0), StanHeaders (>= 2.21.0), ggplot2 (>= 3.0.0)","methods, stats4, inline, gridExtra (>= 2.0.0), Rcpp (>=
0.12.0), RcppParallel (>= 5.0.1), loo (>= 2.3.0), pkgbuild,
withr, V8","Rcpp (>= 0.12.0), RcppEigen (>= 0.3.3.3.0), BH (>=
1.72.0-2), StanHeaders (>= 2.21.0), RcppParallel","RUnit, RcppEigen (>= 0.3.3.3.0), BH (>= 1.72.0-2), parallel,
KernSmooth, shinystan (>= 2.3.0), bayesplot (>= 1.5.0),
rmarkdown, rstantools, rstudioapi, Matrix, knitr (>= 1.15.1)",NA,"GPL (>= 3)",NA,NA,NA,NA,"yes","4.0.5"
"rstantools","rstantools","/home/schmis12/R/x86_64-redhat-linux-gnu-library/4.0","2.1.1",NA,NA,"desc, stats, utils, Rcpp (>= 0.12.16), RcppParallel (>= 5.0.1)",NA,"rstan (>= 2.17.2), usethis (>= 1.5.1), testthat (>= 2.0.0),
knitr, pkgbuild, pkgload, roxygen2 (>= 6.0.1), rmarkdown,
rstudioapi",NA,"GPL (>= 3)",NA,NA,NA,NA,"no","4.0.5"
"rstatix","rstatix","/home/schmis12/R/x86_64-redhat-linux-gnu-library/4.0","0.7.0",NA,"R (>= 3.3.0)","stats, utils, tidyr (>= 1.0.0), purrr, broom (>= 0.7.4), rlang
(>= 0.3.1), tibble (>= 2.1.3), dplyr (>= 0.7.1), magrittr,
corrplot, tidyselect (>= 1.0.0), car, generics (>= 0.0.2)",NA,"knitr, rmarkdown, ggpubr, graphics, emmeans, coin, boot,
testthat, spelling",NA,"GPL-2",NA,NA,NA,NA,"no","4.0.5"
"rstudioapi","rstudioapi","/home/schmis12/R/x86_64-redhat-linux-gnu-library/4.0","0.13",NA,NA,NA,NA,"testthat, knitr, rmarkdown, clipr",NA,"MIT + file LICENSE",NA,NA,NA,NA,"no","4.0.5"
"rvest","rvest","/home/schmis12/R/x86_64-redhat-linux-gnu-library/4.0","1.0.0",NA,"R (>= 3.2)","httr (>= 0.5), lifecycle (>= 1.0.0), magrittr, rlang (>=
0.4.10), selectr, tibble, xml2 (>= 1.3)",NA,"covr, glue, knitr, readr, rmarkdown, repurrrsive, spelling,
stringi (>= 0.3.1), testthat (>= 3.0.2), webfakes",NA,"MIT + file LICENSE",NA,NA,NA,NA,"no","4.0.5"
"Rwave","Rwave","/home/schmis12/R/x86_64-redhat-linux-gnu-library/4.0","2.4-8",NA,"R (>= 2.14)",NA,NA,NA,NA,"GPL (>= 2)",NA,NA,NA,NA,"yes","4.0.5"
"RxODE","RxODE","/home/schmis12/R/x86_64-redhat-linux-gnu-library/4.0","1.0.9",NA,"R (>= 4.0.0)","PreciseSums (>= 0.3), Rcpp (>= 0.12.3), assertthat, backports,
checkmate, cli (>= 2.0.0), dparser (>= 0.1.8), ggplot2, inline,
lotri (>= 0.3.0), magrittr, memoise, methods, rex, qs, sys,
tools, utils","dparser (>= 1.3.1-0), PreciseSums (>= 0.3), RcppEigen (>=
0.3.3.3.0), RcppArmadillo (>= 0.9.300.2.0), sitmo, StanHeaders
(>= 2.21.0), BH","spelling, Matrix, DT, covr, crayon, curl, data.table (>=
1.12.4), digest, dplyr (>= 0.8.0), ggrepel, gridExtra,
htmltools, knitr, learnr, microbenchmark, nlme, remotes, rlang,
rmarkdown, scales, shiny, stringi, symengine, testthat, tidyr,
usethis, vdiffr, xgxr, pillar, tibble, units (>= 0.6-0),
rsconnect, devtools, patchwork",NA,"GPL (>= 3)",NA,NA,NA,NA,"yes","4.0.5"
"sass","sass","/home/schmis12/R/x86_64-redhat-linux-gnu-library/4.0","0.4.0",NA,NA,"fs, rlang (>= 0.4.10), htmltools (>= 0.5.1), R6, rappdirs",NA,"testthat, knitr, rmarkdown, withr, shiny, curl",NA,"MIT + file LICENSE",NA,NA,NA,NA,"yes","4.0.5"
"scales","scales","/home/schmis12/R/x86_64-redhat-linux-gnu-library/4.0","1.1.1",NA,"R (>= 3.2)","farver (>= 2.0.3), labeling, lifecycle, munsell (>= 0.5), R6,
RColorBrewer, viridisLite",NA,"bit64, covr, dichromat, ggplot2, hms (>= 0.5.0), testthat (>=
2.1.0)",NA,"MIT + file LICENSE",NA,NA,NA,NA,"no","4.0.5"
"scam","scam","/home/schmis12/R/x86_64-redhat-linux-gnu-library/4.0","1.2-11",NA,"R (>= 2.15.0), mgcv (>= 1.8-2)","methods, stats, graphics, Matrix, splines",NA,"nlme",NA,"GPL (>= 2)",NA,NA,NA,NA,"yes","4.0.5"
"selectr","selectr","/home/schmis12/R/x86_64-redhat-linux-gnu-library/4.0","0.4-2",NA,"R (>= 3.0)","methods, stringr, R6",NA,"testthat, XML, xml2",NA,"BSD_3_clause + file LICENCE",NA,NA,NA,NA,"no","4.0.5"
"shape","shape","/home/schmis12/R/x86_64-redhat-linux-gnu-library/4.0","1.4.6",NA,"R (>= 2.01)","stats, graphics, grDevices",NA,NA,NA,"GPL (>= 3)",NA,NA,NA,NA,"no","4.0.5"
"shiny","shiny","/home/schmis12/R/x86_64-redhat-linux-gnu-library/4.0","1.6.0",NA,"R (>= 3.0.2), methods","utils, grDevices, httpuv (>= 1.5.2), mime (>= 0.3), jsonlite
(>= 0.9.16), xtable, digest (>= 0.6.25), htmltools (>=
0.5.0.9001), R6 (>= 2.0), sourcetools, later (>= 1.0.0),
promises (>= 1.1.0), tools, crayon, rlang (>= 0.4.9), fastmap
(>= 1.0.0), withr, commonmark (>= 1.7), glue (>= 1.3.2), bslib
(>= 0.2.2.9002), cachem, ellipsis, lifecycle (>= 0.2.0)",NA,"datasets, Cairo (>= 1.5-5), testthat (>= 2.1.1), knitr (>=
1.6), markdown, rmarkdown, ggplot2, reactlog (>= 1.0.0),
magrittr, shinytest (>= 1.4.0.9003), yaml, future, dygraphs,
ragg, showtext, sass",NA,"GPL-3 | file LICENSE",NA,NA,NA,NA,"no","4.0.5"
"sitmo","sitmo","/home/schmis12/R/x86_64-redhat-linux-gnu-library/4.0","2.0.1",NA,"R (>= 3.2.0)","Rcpp (>= 0.12.13)","Rcpp","knitr, rmarkdown, ggplot2",NA,"MIT + file LICENSE",NA,NA,NA,NA,"yes","4.0.5"
"snow","snow","/home/schmis12/R/x86_64-redhat-linux-gnu-library/4.0","0.4-3",NA,"R (>= 2.13.1), utils",NA,NA,"Rmpi,rlecuyer,nws",NA,"GPL",NA,NA,NA,NA,"no","4.0.5"
"snowfall","snowfall","/home/schmis12/R/x86_64-redhat-linux-gnu-library/4.0","1.84-6.1",NA,"R (>= 2.10), snow",NA,NA,"Rmpi",NA,"GPL",NA,NA,NA,NA,"no","4.0.5"
"sourcetools","sourcetools","/home/schmis12/R/x86_64-redhat-linux-gnu-library/4.0","0.1.7",NA,"R (>= 3.0.2)",NA,NA,"testthat",NA,"MIT + file LICENSE",NA,NA,NA,NA,"yes","4.0.5"
"sp","sp","/home/schmis12/R/x86_64-redhat-linux-gnu-library/4.0","1.4-5",NA,"R (>= 3.0.0), methods","utils, stats, graphics, grDevices, lattice, grid",NA,"RColorBrewer, rgdal (>= 1.2-3), rgeos (>= 0.3-13), gstat,
maptools, deldir",NA,"GPL (>= 2)",NA,NA,NA,NA,"yes","4.0.5"
"spam","spam","/home/schmis12/R/x86_64-redhat-linux-gnu-library/4.0","2.6-0",NA,"R (>= 3.1), dotCall64, grid, methods",NA,NA,"spam64, fields, Matrix, testthat, R.rsp, truncdist, knitr,
rmarkdown",NA,"LGPL-2 | BSD_3_clause + file LICENSE",NA,NA,NA,NA,"yes","4.0.5"
"SparseM","SparseM","/home/schmis12/R/x86_64-redhat-linux-gnu-library/4.0","1.81",NA,"R (>= 2.15), methods","graphics, stats, utils",NA,NA,NA,"GPL (>= 2)",NA,NA,NA,NA,"yes","4.0.5"
"splines2","splines2","/home/schmis12/R/x86_64-redhat-linux-gnu-library/4.0","0.4.3",NA,"R (>= 3.2.3)","Rcpp, stats","Rcpp, RcppArmadillo","knitr, rmarkdown, tinytest",NA,"GPL (>= 3)",NA,NA,NA,NA,"yes","4.0.5"
"SQUAREM","SQUAREM","/home/schmis12/R/x86_64-redhat-linux-gnu-library/4.0","2021.1",NA,"R (>= 3.0)",NA,NA,"setRNG",NA,"GPL (>= 2)",NA,NA,NA,NA,"no","4.0.5"
"StanHeaders","StanHeaders","/home/schmis12/R/x86_64-redhat-linux-gnu-library/4.0","2.21.0-7",NA,"R (>= 3.4.0)","RcppParallel (>= 5.0.1)","RcppEigen, RcppParallel (>= 5.0.1)","Rcpp, BH, knitr (>= 1.15.1), rmarkdown, Matrix, methods,
rstan",NA,"BSD_3_clause + file LICENSE",NA,NA,NA,NA,"yes","4.0.5"
"statmod","statmod","/home/schmis12/R/x86_64-redhat-linux-gnu-library/4.0","1.4.36",NA,"R (>= 3.0.0)","stats, graphics",NA,"MASS, tweedie",NA,"GPL-2 | GPL-3",NA,NA,NA,NA,"yes","4.0.5"
"stringfish","stringfish","/home/schmis12/R/x86_64-redhat-linux-gnu-library/4.0","0.15.1",NA,"R (>= 3.0.2)","Rcpp, RcppParallel","Rcpp (>= 0.12.18.3), RcppParallel","qs, knitr, rmarkdown, usethis",NA,"GPL-3",NA,NA,NA,NA,"yes","4.0.5"
"striprtf","striprtf","/home/schmis12/R/x86_64-redhat-linux-gnu-library/4.0","0.5.2",NA,"R (>= 3.0)","magrittr, Rcpp, stringr, utils","Rcpp","testthat",NA,"MIT + file LICENSE",NA,NA,NA,NA,"yes","4.0.5"
"survminer","survminer","/home/schmis12/R/x86_64-redhat-linux-gnu-library/4.0","0.4.9",NA,"ggplot2, ggpubr(>= 0.1.6)","grid, gridExtra (>= 2.0), magrittr, maxstat, methods, scales,
survival, stats, broom, dplyr, tidyr, survMisc, purrr, tibble,
rlang, ggtext (>= 0.1.0)",NA,"knitr, flexsurv, cmprsk, markdown, testthat, rmarkdown",NA,"GPL-2",NA,NA,NA,NA,"no","4.0.5"
"survMisc","survMisc","/home/schmis12/R/x86_64-redhat-linux-gnu-library/4.0","0.5.5",NA,"survival","graphics, grDevices, stats, utils, knitr, KMsurv, ggplot2,
data.table, zoo, grid, gridExtra, km.ci, xtable",NA,NA,NA,"GPL-2",NA,NA,NA,NA,"no","4.0.5"
"svglite","svglite","/home/schmis12/R/x86_64-redhat-linux-gnu-library/4.0","2.0.0",NA,"R (>= 3.0.0)","systemfonts (>= 1.0.0)","cpp11, systemfonts","htmltools, testthat, xml2 (>= 1.0.0), covr, fontquiver (>=
0.2.0), knitr, rmarkdown",NA,"GPL (>= 2)",NA,NA,NA,NA,"yes","4.0.5"
"sys","sys","/home/schmis12/R/x86_64-redhat-linux-gnu-library/4.0","3.4",NA,NA,NA,NA,"unix (>= 1.4), spelling, testthat",NA,"MIT + file LICENSE",NA,NA,NA,NA,"yes","4.0.5"
"systemfonts","systemfonts","/home/schmis12/R/x86_64-redhat-linux-gnu-library/4.0","1.0.2",NA,"R (>= 3.2.0)",NA,"cpp11 (>= 0.2.1)","testthat (>= 2.1.0), covr, knitr, rmarkdown, tools",NA,"MIT + file LICENSE",NA,NA,NA,NA,"yes","4.0.5"
"tgp","tgp","/home/schmis12/R/x86_64-redhat-linux-gnu-library/4.0","2.4-17",NA,"R (>= 2.14.0)","maptree",NA,"MASS",NA,"LGPL",NA,NA,NA,NA,"yes","4.0.5"
"tibble","tibble","/home/schmis12/R/x86_64-redhat-linux-gnu-library/4.0","3.1.2",NA,"R (>= 3.1.0)","ellipsis (>= 0.3.2), fansi (>= 0.4.0), lifecycle (>= 0.2.0),
magrittr, methods, pillar (>= 1.6.0), pkgconfig, rlang (>=
0.4.3), utils, vctrs (>= 0.3.8)",NA,"bench, bit64, blob, cli, covr, crayon (>= 1.3.4), DiagrammeR,
dplyr, evaluate, formattable, ggplot2, hms, htmltools, knitr,
lubridate, mockr, nycflights13, purrr, rmarkdown, testthat (>=
3.0.2), tidyr, withr",NA,"MIT + file LICENSE",NA,NA,NA,NA,"yes","4.0.5"
"tidyr","tidyr","/home/schmis12/R/x86_64-redhat-linux-gnu-library/4.0","1.1.3",NA,"R (>= 3.1)","dplyr (>= 0.8.2), ellipsis (>= 0.1.0), glue, lifecycle,
magrittr, purrr, rlang, tibble (>= 2.1.1), tidyselect (>=
1.1.0), utils, vctrs (>= 0.3.6)","cpp11 (>= 0.2.6)","covr, data.table, jsonlite, knitr, readr, repurrrsive (>=
1.0.0), rmarkdown, testthat (>= 3.0.0)",NA,"MIT + file LICENSE",NA,NA,NA,NA,"yes","4.0.5"
"tidyselect","tidyselect","/home/schmis12/R/x86_64-redhat-linux-gnu-library/4.0","1.1.1",NA,"R (>= 3.2)","ellipsis, glue (>= 1.3.0), purrr (>= 0.3.2), rlang (>= 0.4.6),
vctrs (>= 0.3.0)",NA,"covr, crayon, dplyr, knitr, magrittr, rmarkdown, testthat (>=
2.3.0), tibble (>= 2.1.3), withr",NA,"MIT + file LICENSE",NA,NA,NA,NA,"yes","4.0.5"
"tidyverse","tidyverse","/home/schmis12/R/x86_64-redhat-linux-gnu-library/4.0","1.3.1",NA,"R (>= 3.3)","broom (>= 0.7.6), cli (>= 2.4.0), crayon (>= 1.4.1), dbplyr
(>= 2.1.1), dplyr (>= 1.0.5), dtplyr (>= 1.1.0), forcats (>=
0.5.1), googledrive (>= 1.0.1), googlesheets4 (>= 0.3.0),
ggplot2 (>= 3.3.3), haven (>= 2.3.1), hms (>= 1.0.0), httr (>=
1.4.2), jsonlite (>= 1.7.2), lubridate (>= 1.7.10), magrittr
(>= 2.0.1), modelr (>= 0.1.8), pillar (>= 1.6.0), purrr (>=
0.3.4), readr (>= 1.4.0), readxl (>= 1.3.1), reprex (>= 2.0.0),
rlang (>= 0.4.10), rstudioapi (>= 0.13), rvest (>= 1.0.0),
stringr (>= 1.4.0), tibble (>= 3.1.0), tidyr (>= 1.1.3), xml2
(>= 1.3.2)",NA,"covr, feather, glue, knitr, rmarkdown, testthat",NA,"MIT + file LICENSE",NA,NA,NA,NA,"no","4.0.5"
"timeDate","timeDate","/home/schmis12/R/x86_64-redhat-linux-gnu-library/4.0","3043.102",NA,"R (>= 2.15.1), graphics, utils, stats, methods",NA,NA,"date, RUnit",NA,"GPL (>= 2)",NA,NA,NA,NA,"no","4.0.5"
"tinytex","tinytex","/home/schmis12/R/x86_64-redhat-linux-gnu-library/4.0","0.32",NA,NA,"xfun (>= 0.23)",NA,"testit, rstudioapi",NA,"MIT + file LICENSE",NA,NA,NA,NA,"no","4.0.5"
"tweenr","tweenr","/home/schmis12/R/x86_64-redhat-linux-gnu-library/4.0","1.0.2",NA,"R (>= 3.2.0)","Rcpp (>= 0.12.3), grDevices, farver, magrittr, rlang","Rcpp","testthat, covr",NA,"MIT + file LICENSE",NA,NA,NA,NA,"yes","4.0.5"
"utf8","utf8","/home/schmis12/R/x86_64-redhat-linux-gnu-library/4.0","1.2.1",NA,"R (>= 2.10)",NA,NA,"covr, knitr, rlang, rmarkdown, testthat (>= 3.0.0)",NA,"Apache License (== 2.0) | file LICENSE",NA,NA,NA,NA,"yes","4.0.5"
"uuid","uuid","/home/schmis12/R/x86_64-redhat-linux-gnu-library/4.0","0.1-4",NA,"R (>= 2.9.0)",NA,NA,NA,NA,"MIT + file LICENSE",NA,NA,NA,NA,"yes","4.0.5"
"V8","V8","/home/schmis12/R/x86_64-redhat-linux-gnu-library/4.0","3.4.2",NA,NA,"Rcpp (>= 0.12.12), jsonlite (>= 1.0), curl (>= 1.0), utils","Rcpp","testthat, knitr, rmarkdown",NA,"MIT + file LICENSE",NA,NA,NA,NA,"yes","4.0.5"
"vctrs","vctrs","/home/schmis12/R/x86_64-redhat-linux-gnu-library/4.0","0.3.8",NA,"R (>= 3.3)","ellipsis (>= 0.2.0), glue, rlang (>= 0.4.10)",NA,"bit64, covr, crayon, dplyr (>= 0.8.5), generics, knitr,
pillar (>= 1.4.4), pkgdown, rmarkdown, testthat (>= 2.3.0),
tibble, withr, xml2, waldo (>= 0.2.0), zeallot",NA,"MIT + file LICENSE",NA,NA,NA,NA,"yes","4.0.5"
"viridis","viridis","/home/schmis12/R/x86_64-redhat-linux-gnu-library/4.0","0.6.1",NA,"R (>= 2.10), viridisLite (>= 0.4.0)","stats, ggplot2 (>= 1.0.1), gridExtra",NA,"hexbin (>= 1.27.0), scales, MASS, knitr, dichromat,
colorspace, rasterVis, httr, mapproj, vdiffr, svglite (>=
1.2.0), testthat, covr, rmarkdown, rgdal",NA,"MIT + file LICENSE",NA,NA,NA,NA,"no","4.0.5"
"viridisLite","viridisLite","/home/schmis12/R/x86_64-redhat-linux-gnu-library/4.0","0.4.0",NA,"R (>= 2.10)",NA,NA,"hexbin (>= 1.27.0), ggplot2 (>= 1.0.1), testthat, covr",NA,"MIT + file LICENSE",NA,NA,NA,NA,"no","4.0.5"
"vpc","vpc","/home/schmis12/R/x86_64-redhat-linux-gnu-library/4.0","1.2.2",NA,"R (>= 3.1.0)","classInt, dplyr, MASS, survival, ggplot2, readr, stringr,
tidyr",NA,"knitr, testit",NA,"MIT + file LICENSE",NA,NA,NA,NA,"no","4.0.5"
"webshot","webshot","/home/schmis12/R/x86_64-redhat-linux-gnu-library/4.0","0.5.2",NA,"R (>= 3.0)","magrittr, jsonlite, callr",NA,"httpuv, knitr, rmarkdown, shiny",NA,"GPL-2",NA,NA,NA,NA,"no","4.0.5"
"withr","withr","/home/schmis12/R/x86_64-redhat-linux-gnu-library/4.0","2.4.2",NA,"R (>= 3.2.0)","graphics, grDevices, stats",NA,"covr, DBI, knitr, lattice, methods, rmarkdown, RSQLite,
testthat (>= 2.1.0)",NA,"MIT + file LICENSE",NA,NA,NA,NA,"no","4.0.5"
"xfun","xfun","/home/schmis12/R/x86_64-redhat-linux-gnu-library/4.0","0.24",NA,NA,"stats, tools",NA,"testit, parallel, codetools, rstudioapi, tinytex (>= 0.30),
mime, markdown, knitr, htmltools, remotes, pak, renv, curl,
jsonlite, rmarkdown",NA,"MIT + file LICENSE",NA,NA,NA,NA,"yes","4.0.5"
"xgxr","xgxr","/home/schmis12/R/x86_64-redhat-linux-gnu-library/4.0","1.1.1",NA,"R (>= 3.5.0)","assertthat, binom, Deriv, DescTools, dplyr, ggplot2, glue,
graphics, grDevices, gtable, Hmisc, labeling, magrittr,
minpack.lm, pander, png, RCurl, readr, scales, stats, stringr,
tibble, utils",NA,"caTools, gridExtra, knitr, pkgdown, rmarkdown, testthat,
tidyr",NA,"MIT + file LICENSE",NA,NA,NA,NA,"no","4.0.5"
"xml2","xml2","/home/schmis12/R/x86_64-redhat-linux-gnu-library/4.0","1.3.2",NA,"R (>= 3.1.0)","methods",NA,"covr, curl, httr, knitr, magrittr, mockery, rmarkdown,
testthat (>= 2.1.0)",NA,"GPL (>= 2)",NA,NA,NA,NA,"yes","4.0.5"
"xpose","xpose","/home/schmis12/R/x86_64-redhat-linux-gnu-library/4.0","0.4.12",NA,"R (>= 3.3.0), ggplot2 (>= 3.1.0)","dplyr (>= 0.8.0), ggforce (>= 0.2.0), grDevices, purrr (>=
0.3.0), readr (>= 1.3.0), rlang (>= 0.3.0), stringr (>= 1.4.0),
tibble (>= 2.1.0), tidyr (>= 0.8.0), utils, stats, vpc (>=
1.1.0)",NA,"here, gridExtra, rmarkdown, knitr, testthat, plotly, webshot,
mvtnorm",NA,"LGPL-3",NA,NA,NA,NA,"no","4.0.5"
"xpose4","xpose4","/home/schmis12/R/x86_64-redhat-linux-gnu-library/4.0","4.7.1",NA,"R (>= 2.2.0), lattice","Hmisc, survival, dplyr, tibble, methods, lazyeval, gam,
splines, grid, readr",NA,"testthat",NA,"LGPL (>= 3)",NA,NA,NA,NA,"no","4.0.5"
"xtable","xtable","/home/schmis12/R/x86_64-redhat-linux-gnu-library/4.0","1.8-4",NA,"R (>= 2.10.0)","stats, utils",NA,"knitr, plm, zoo, survival",NA,"GPL (>= 2)",NA,NA,NA,NA,"no","4.0.5"
"zip","zip","/home/schmis12/R/x86_64-redhat-linux-gnu-library/4.0","2.2.0",NA,NA,NA,NA,"covr, processx, R6, testthat, withr",NA,"MIT + file LICENSE",NA,NA,NA,NA,"yes","4.0.5"
"zoo","zoo","/home/schmis12/R/x86_64-redhat-linux-gnu-library/4.0","1.8-9",NA,"R (>= 3.1.0), stats","utils, graphics, grDevices, lattice (>= 0.20-27)",NA,"AER, coda, chron, fts, ggplot2 (>= 3.0.0), mondate, scales,
stinepack, strucchange, timeDate, timeSeries, tis, tseries, xts",NA,"GPL-2 | GPL-3",NA,NA,NA,NA,"yes","4.0.5"
"base","base","/usr/lib64/R/library","4.0.5","base",NA,NA,NA,"methods",NA,"Part of R 4.0.5",NA,NA,NA,NA,NA,"4.0.5"
"boot","boot","/usr/lib64/R/library","1.3-27","recommended","R (>= 3.0.0), graphics, stats",NA,NA,"MASS, survival",NA,"Unlimited",NA,NA,NA,NA,"no","4.0.5"
"class","class","/usr/lib64/R/library","7.3-18","recommended","R (>= 3.0.0), stats, utils","MASS",NA,NA,NA,"GPL-2 | GPL-3",NA,NA,NA,NA,"yes","4.0.5"
"cluster","cluster","/usr/lib64/R/library","2.1.1","recommended","R (>= 3.4.0)","graphics, grDevices, stats, utils",NA,"MASS, Matrix",NA,"GPL (>= 2)",NA,NA,NA,NA,"yes","4.0.5"
"codetools","codetools","/usr/lib64/R/library","0.2-18","recommended","R (>= 2.1)",NA,NA,NA,NA,"GPL",NA,NA,NA,NA,"no","4.0.5"
"compiler","compiler","/usr/lib64/R/library","4.0.5","base",NA,NA,NA,NA,NA,"Part of R 4.0.5",NA,NA,NA,NA,NA,"4.0.5"
"datasets","datasets","/usr/lib64/R/library","4.0.5","base",NA,NA,NA,NA,NA,"Part of R 4.0.5",NA,NA,NA,NA,NA,"4.0.5"
"foreign","foreign","/usr/lib64/R/library","0.8-81","recommended","R (>= 4.0.0)","methods, utils, stats",NA,NA,NA,"GPL (>= 2)",NA,NA,NA,NA,"yes","4.0.5"
"glue","glue","/usr/lib64/R/library","1.4.2",NA,"R (>= 3.2)","methods",NA,"testthat, magrittr, crayon, knitr, rmarkdown, DBI,
RSQLite, R.utils, forcats, microbenchmark, rprintf, stringr,
ggplot2, dplyr, withr, vctrs (>= 0.3.0)",NA,"MIT + file LICENSE",NA,NA,NA,NA,"yes","4.0.3"
"graphics","graphics","/usr/lib64/R/library","4.0.5","base",NA,"grDevices",NA,NA,NA,"Part of R 4.0.5",NA,NA,NA,NA,"yes","4.0.5"
"grDevices","grDevices","/usr/lib64/R/library","4.0.5","base",NA,NA,NA,"KernSmooth",NA,"Part of R 4.0.5",NA,NA,NA,NA,"yes","4.0.5"
"grid","grid","/usr/lib64/R/library","4.0.5","base",NA,"grDevices, utils",NA,"lattice",NA,"Part of R 4.0.5",NA,NA,NA,NA,"yes","4.0.5"
"KernSmooth","KernSmooth","/usr/lib64/R/library","2.23-18","recommended","R (>= 2.5.0), stats",NA,NA,"MASS",NA,"Unlimited",NA,NA,NA,NA,"yes","4.0.5"
"lattice","lattice","/usr/lib64/R/library","0.20-41","recommended","R (>= 3.0.0)","grid, grDevices, graphics, stats, utils",NA,"KernSmooth, MASS, latticeExtra","chron","GPL (>= 2)",NA,NA,NA,NA,"yes","4.0.5"
"magrittr","magrittr","/usr/lib64/R/library","2.0.1",NA,NA,NA,NA,"covr, knitr, rlang, rmarkdown, testthat",NA,"MIT + file LICENSE",NA,NA,NA,NA,"yes","4.0.3"
"markdown","markdown","/usr/lib64/R/library","1.1",NA,"R (>= 2.11.1)","utils, xfun, mime (>= 0.3)",NA,"knitr, RCurl",NA,"GPL-2",NA,NA,NA,NA,"yes","4.0.3"
"MASS","MASS","/usr/lib64/R/library","7.3-53.1","recommended","R (>= 3.1.0), grDevices, graphics, stats, utils","methods",NA,"lattice, nlme, nnet, survival",NA,"GPL-2 | GPL-3",NA,NA,NA,NA,"yes","4.0.5"
"Matrix","Matrix","/usr/lib64/R/library","1.3-2","recommended","R (>= 3.6.0)","methods, graphics, grid, stats, utils, lattice",NA,"expm, MASS","MatrixModels, graph, SparseM, sfsmisc, igraph, maptools, sp,
spdep","GPL (>= 2) | file LICENCE",NA,NA,NA,NA,"yes","4.0.5"
"methods","methods","/usr/lib64/R/library","4.0.5","base",NA,"utils, stats",NA,"codetools",NA,"Part of R 4.0.5",NA,NA,NA,NA,"yes","4.0.5"
"mgcv","mgcv","/usr/lib64/R/library","1.8-34","recommended","R (>= 3.6.0), nlme (>= 3.1-64)","methods, stats, graphics, Matrix, splines, utils",NA,"parallel, survival, MASS",NA,"GPL (>= 2)",NA,NA,NA,NA,"yes","4.0.5"
"mime","mime","/usr/lib64/R/library","0.10",NA,NA,"tools",NA,NA,NA,"GPL",NA,NA,NA,NA,"yes","4.0.4"
"nlme","nlme","/usr/lib64/R/library","3.1-152","recommended","R (>= 3.4.0)","graphics, stats, utils, lattice",NA,"Hmisc, MASS",NA,"GPL (>= 2) | file LICENCE",NA,NA,NA,NA,"yes","4.0.5"
"nnet","nnet","/usr/lib64/R/library","7.3-15","recommended","R (>= 3.0.0), stats, utils",NA,NA,"MASS",NA,"GPL-2 | GPL-3",NA,NA,NA,NA,"yes","4.0.5"
"parallel","parallel","/usr/lib64/R/library","4.0.5","base",NA,"tools, compiler",NA,"methods","snow, nws, Rmpi","Part of R 4.0.5",NA,NA,NA,NA,"yes","4.0.5"
"rpart","rpart","/usr/lib64/R/library","4.1-15","recommended","R (>= 2.15.0), graphics, stats, grDevices",NA,NA,"survival",NA,"GPL-2 | GPL-3",NA,NA,NA,NA,"yes","4.0.5"
"spatial","spatial","/usr/lib64/R/library","7.3-13","recommended","R (>= 3.0.0), graphics, stats, utils",NA,NA,"MASS",NA,"GPL-2 | GPL-3",NA,NA,NA,NA,"yes","4.0.5"
"splines","splines","/usr/lib64/R/library","4.0.5","base",NA,"graphics, stats",NA,"Matrix, methods",NA,"Part of R 4.0.5",NA,NA,NA,NA,"yes","4.0.5"
"stats","stats","/usr/lib64/R/library","4.0.5","base",NA,"utils, grDevices, graphics",NA,"MASS, Matrix, SuppDists, methods, stats4",NA,"Part of R 4.0.5",NA,NA,NA,NA,"yes","4.0.5"
"stats4","stats4","/usr/lib64/R/library","4.0.5","base",NA,"graphics, methods, stats",NA,NA,NA,"Part of R 4.0.5",NA,NA,NA,NA,NA,"4.0.5"
"stringi","stringi","/usr/lib64/R/library","1.5.3",NA,"R (>= 2.14)","tools, utils, stats",NA,NA,NA,"file LICENSE",NA,NA,NA,NA,"yes","4.0.3"
"survival","survival","/usr/lib64/R/library","3.2-10","recommended","R (>= 3.5.0)","graphics, Matrix, methods, splines, stats, utils",NA,NA,NA,"LGPL (>= 2)",NA,NA,NA,NA,"yes","4.0.5"
"tcltk","tcltk","/usr/lib64/R/library","4.0.5","base",NA,"utils",NA,NA,NA,"Part of R 4.0.5",NA,NA,NA,NA,"yes","4.0.5"
"tools","tools","/usr/lib64/R/library","4.0.5","base",NA,NA,NA,"codetools, methods, xml2, curl, commonmark",NA,"Part of R 4.0.5",NA,NA,NA,NA,"yes","4.0.5"
"utils","utils","/usr/lib64/R/library","4.0.5","base",NA,NA,NA,"methods, xml2, commonmark",NA,"Part of R 4.0.5",NA,NA,NA,NA,"yes","4.0.5"
"xfun","xfun","/usr/lib64/R/library","0.22",NA,NA,"stats, tools",NA,"testit, parallel, codetools, rstudioapi, tinytex (>= 0.30),
mime, markdown, knitr, htmltools, remotes, pak, rmarkdown",NA,"MIT + file LICENSE",NA,NA,NA,NA,"yes","4.0.4"
"yaml","yaml","/usr/lib64/R/library","2.2.1",NA,NA,NA,NA,"RUnit",NA,"BSD_3_clause + file LICENSE",NA,NA,NA,NA,"yes","4.0.3"
"evaluate","evaluate","/usr/share/R/library","0.14",NA,"R (>= 3.0.2)","methods",NA,"testthat, lattice, ggplot2",NA,"MIT + file LICENSE",NA,NA,NA,NA,"no","4.0.3"
"highr","highr","/usr/share/R/library","0.9",NA,"R (>= 3.2.3)","xfun (>= 0.18)",NA,"knitr, markdown, testit",NA,"GPL",NA,NA,NA,NA,"no","4.0.4"
"knitr","knitr","/usr/share/R/library","1.33",NA,"R (>= 3.2.3)","evaluate (>= 0.10), highr, methods, markdown, stringr (>=
0.6), yaml (>= 2.1.19), xfun (>= 0.21), tools",NA,"formatR, testit, digest, rgl (>= 0.95.1201), codetools,
rmarkdown, htmlwidgets (>= 0.7), webshot, tikzDevice (>= 0.10),
tinytex, reticulate (>= 1.4), JuliaCall (>= 0.11.1), magick,
png, jpeg, gifski, xml2 (>= 1.2.0), httr, DBI (>= 0.4-1),
showtext, tibble, sass, bslib, ragg, styler (>= 1.2.0)",NA,"GPL",NA,NA,NA,NA,"no","4.0.4"
"stringr","stringr","/usr/share/R/library","1.4.0",NA,"R (>= 3.1)","glue (>= 1.2.0), magrittr, stringi (>= 1.1.7)",NA,"htmltools, htmlwidgets, knitr, rmarkdown, testthat",NA,"GPL-2 | file LICENSE",NA,NA,NA,NA,"no","4.0.3"
